id,dataset_id,title,decision,h1_avg_rating,year,scores,si_score,si_significance,si_rigor,si_novelty,si_clarity
0168b1d1-dde7-44d5-94ec-0af00266fa86,iclr-codegen,SFS: Smarter Code Space Search improves LLM Inference Scaling,Poster,6.2,2025,"[8.0, 6.0, 6.0, 5.0, 6.0]",6.5,7,6,7,7
016a49b9-a3e4-4521-bbd9-c214bd08b8e2,iclr-codegen,$\textbf{PLUM}$: Improving Code LMs Using On-Policy Preference Learning Powered by Automatic Test Cases,Withdrawn,5.5,2025,"[5.0, 3.0, 8.0, 6.0]",6.2,7,6,5,7
0485dfce-c182-4ffc-88ba-43e75aabd4af,iclr-codegen,A Dual-Modal Framework Utilizing Visual Prompts for Enhanced Patch Analysis,Reject,1.5,2025,"[1.0, 3.0, 1.0, 1.0]",2.5,3,2,3,2
05307df8-93f6-427d-b007-ab5d7c53a87f,iclr-codegen,Improving AI via Novel Computational Models and Programming Challenges,Withdrawn,2.0,2025,"[3.0, 1.0, 1.0, 3.0]",3.5,4,2,5,4
05d125fd-84cf-43eb-b64b-70d8d64e6978,iclr-codegen,CodeBenchGen: Creating Scalable Execution-based Code Generation Benchmarks,Reject,4.0,2025,"[5.0, 5.0, 3.0, 3.0]",6.5,7,6,6,7
09714f54-8e04-4e00-9305-6d9b258bb16f,iclr-codegen,Can Models Help us Create Better Models? Evaluating LLMs as Data Scientists,Reject,4.5,2025,"[3.0, 5.0, 5.0, 5.0]",6.2,6,7,6,7
0fc5cd43-512d-46d4-97df-d39bcbc87ffa,iclr-codegen,Planning Anything with Rigor: General-Purpose Zero-Shot Planning with LLM-based Formalized Programming,Poster,4.75,2025,"[6.0, 1.0, 6.0, 6.0]",7.2,7,7,7,8
0ffcc351-0762-4faf-ab2b-3266b780530f,iclr-codegen,Let the Code LLM Edit Itself When You Edit the Code,Poster,5.5,2025,"[3.0, 6.0, 8.0, 5.0]",6.8,7,7,6,8
106cb241-b579-4f80-9ff7-46a7293fc058,iclr-codegen,Instruct2Act: Mapping Multi-modality Instructions to Robotic Arm Actions with Large Language Model,Reject,5.0,2024,"[6.0, 3.0, 6.0, 5.0]",6.0,6,6,5,7
198d62dc-5065-4d82-a511-45b804cf213a,iclr-codegen,BioCoder: A Benchmark for Bioinformatics Code Generation with Contextual Pragmatic Knowledge,Reject,6.25,2024,"[8.0, 6.0, 6.0, 5.0]",6.5,7,6,6,7
21d9f20e-a9a5-4d87-9d9e-ba4dbed90101,iclr-codegen,Dynamic LLM-Agent Network: An LLM-agent Collaboration Framework with Agent Team Optimization,Reject,5.5,2024,"[5.0, 3.0, 8.0, 6.0, 6.0, 5.0]",6.0,6,5,6,7
25837c15-5dce-42e0-85f8-bfbc4f24dab1,iclr-codegen,VersiCode: Towards Version-controllable Code Generation,Reject,5.2,2025,"[6.0, 5.0, 6.0, 6.0, 3.0]",6.8,8,6,7,7
386185c8-2ac6-4df7-96b2-1065271bee6c,iclr-codegen,CodeChain: Towards Modular Code Generation Through Chain of Self-revisions with Representative Sub-modules,Poster,6.5,2024,"[6.0, 8.0, 6.0, 6.0]",7.4,8,7,7,8
394bf535-f448-4946-9af1-de311b5b4539,iclr-codegen,Does Instruction Tuning Reduce Diversity? A Case Study Using Code Generation,Reject,3.75,2025,"[3.0, 5.0, 6.0, 1.0]",7.2,7,7,8,8
3d50d413-563c-4c34-ba99-35d8b9861a9b,iclr-codegen,ML-Bench: Evaluating Large Language Models for Code Generation in Repository-Level Machine Learning Tasks,Reject,5.75,2025,"[8.0, 6.0, 3.0, 6.0]",6.5,7,7,6,7
4178bb16-2ad2-460d-9fca-7f718143fde3,iclr-codegen,Enhancing Large Language Models in Coding Through Multi-Perspective Self-Consistency,Reject,5.2,2024,"[5.0, 6.0, 5.0, 5.0, 5.0]",6.8,7,6,7,8
428f177e-3e4f-4963-8ceb-ec5f4202895c,iclr-codegen,From Code to Correctness: Closing the Last Mile of Code Generation with Hierarchical Debugging,Reject,5.2,2025,"[5.0, 5.0, 5.0, 5.0, 6.0]",6.8,7,6,7,8
4459372c-84b6-48e3-9889-b952594c1813,iclr-codegen,ExeDec: Execution Decomposition for Compositional Generalization in Neural Program Synthesis,Oral,7.0,2024,"[6.0, 8.0, 8.0, 6.0]",7.5,8,8,7,8
4cf8c147-0103-4873-b9f8-84d572bc7f97,iclr-codegen,Coarse-Tuning Models of Code with Reinforcement Learning Feedback,Reject,4.75,2024,"[5.0, 6.0, 3.0, 5.0]",6.0,6,5,6,7
4f7e72d1-ffbe-4677-9a8c-7fb03f01b01c,iclr-codegen,InsightBench: Evaluating Business Analytics Agents Through Multi-Step Insight Generation,Poster,5.75,2025,"[6.0, 6.0, 3.0, 8.0]",5.8,6,5,6,7
57970528-67de-43df-8bb3-58938cc7cbd7,iclr-codegen,Learning Code Preference via Synthetic Evolution,Reject,5.5,2025,"[5.0, 6.0, 5.0, 6.0]",7.5,8,7,7,8
62ba1694-1fb2-448f-b3c2-f49aa43e2120,iclr-codegen,Planning-Driven Programming: A Large Language Model Programming Workflow,Withdrawn,4.75,2025,"[8.0, 5.0, 3.0, 3.0]",6.8,7,7,6,7
6804c1ae-df77-4826-a18f-d5d90d0b44a3,iclr-codegen,Guided Sketch-Based Program Induction by Search Gradients,Reject,2.5,2024,"[3.0, 3.0, 3.0, 1.0]",3.2,4,2,4,5
6a763b58-d617-413a-a49e-44641eccd964,iclr-codegen,RLSF: Reinforcement Learning via Symbolic Feedback,Reject,5.75,2025,"[5.0, 6.0, 6.0, 6.0]",7.2,8,6,7,8
6e7fdf86-2a1b-48f3-a377-f6b9ee2ff398,iclr-codegen,Beyond Correctness: Benchmarking Multi-dimensional Code Generation for Large Language Models,Withdrawn,3.6,2025,"[3.0, 6.0, 3.0, 3.0, 3.0]",6.8,7,6,7,8
6fa13fdd-de20-48c3-a5fe-2222576aae30,iclr-codegen,Combining Induction and Transduction for Abstract Reasoning,Poster,6.25,2025,"[8.0, 3.0, 6.0, 8.0]",8.0,8,8,7,8
743aa76d-76f6-4f2d-ba22-91b27be28290,iclr-codegen,Execution-guided within-prompt search for programming-by-example,Poster,5.75,2025,"[6.0, 6.0, 6.0, 5.0]",6.5,6,6,7,8
74b4b48f-fe31-4dec-966a-2c68cd29fb5a,iclr-codegen,MathCoder: Seamless Code Integration in LLMs for Enhanced Mathematical Reasoning,Poster,5.75,2024,"[6.0, 5.0, 6.0, 6.0]",7.2,8,7,6,8
7f0424a0-1636-4645-82bb-6e658bafdf0f,iclr-codegen,SecCodePLT: A Unified Platform for Evaluating the Security of Code GenAI,Reject,5.0,2025,"[6.0, 3.0, 5.0, 6.0]",7.2,8,7,6,8
84de18fb-6195-4772-a22e-f58607fe5068,iclr-codegen,Algorithmic Language Models with Neurally Compiled Libraries,Reject,3.75,2025,"[5.0, 6.0, 3.0, 1.0]",5.0,6,4,6,5
85c30abe-30af-4c61-9764-853078b6ba29,iclr-codegen,SWE-Bench+: Enhanced Coding Benchmark for LLMs,Reject,3.75,2025,"[3.0, 6.0, 3.0, 3.0]",6.5,8,6,5,7
8817bbc6-ad70-4769-9c3f-262c405592cf,iclr-codegen,Evolving Symbolic 3D Visual Grounder with Weakly Supervised Reflection,Withdrawn,4.166666666666667,2025,"[5.0, 3.0, 6.0, 5.0, 3.0, 3.0]",5.5,6,5,7,7
8a45fb2e-3d14-4d00-aea3-ed375c4791e5,iclr-codegen,Effi-Code: Unleashing Code Efficiency in Language Models,Reject,4.0,2025,"[6.0, 3.0, 6.0, 1.0]",6.2,7,5,6,7
9fa54db4-663d-4d79-b31f-8b8089aa5a91,iclr-codegen,BigCodeBench: Benchmarking Code Generation with Diverse Function Calls and Complex Instructions,Oral,9.0,2025,"[8.0, 8.0, 10.0, 10.0]",7.8,8,8,7,8
a0bb7e32-e7e7-4eb0-a8e0-4f49ce80390f,iclr-codegen,L2MAC: Large Language Model Automatic Computer for Extensive Code Generation,Poster,7.2,2024,"[8.0, 6.0, 6.0, 8.0, 8.0]",7.2,8,6,7,8
a0f94013-f4af-4f99-b360-6f1925ea5ce0,iclr-codegen,Batched Low-Rank Adaptation of Foundation Models,Oral,8.0,2024,"[8.0, 8.0, 8.0, 8.0]",6.8,7,6,6,8
a1ea26f9-c8cd-4c68-b6d2-259ac76f7915,iclr-codegen,CodeIt: Abstract Reasoning with Iterative Policy-Guided Program Synthesis,Reject,5.75,2024,"[6.0, 5.0, 6.0, 6.0]",6.8,7,6,7,7
a5ef4712-caba-47bd-9725-e65d9ab295c3,iclr-codegen,Improve Code Generation with Feedback,Reject,3.0,2025,"[1.0, 3.0, 3.0, 5.0]",4.8,5,4,4,6
a73bdbda-cd41-4e7a-9313-da3805243655,iclr-codegen,Selective Prompt Anchoring for Code Generation,Reject,5.5,2025,"[5.0, 6.0, 5.0, 6.0]",6.8,7,6,7,8
a782da4c-9ba1-4d89-9ac4-cd4771b0a61e,iclr-codegen,Program Synthesis Benchmark for Visual Programming in XLogoOnline Environment,Reject,5.8,2025,"[5.0, 5.0, 3.0, 8.0, 8.0]",5.8,6,6,5,7
a7dd8a0b-3deb-46d3-8ec2-8b437a5d784c,iclr-codegen,Generating CAD Code with Vision-Language Models for 3D Designs,Poster,6.0,2025,"[6.0, 6.0, 6.0, 6.0]",5.8,6,5,6,7
a83ff807-fa8c-4ff7-83e8-9e016de80a8a,iclr-codegen,Arctic-SnowCoder: Demystifying High-Quality Data in Code Pretraining,Reject,5.5,2025,"[5.0, 6.0, 5.0, 6.0]",6.8,7,7,6,8
a95e6d60-ed6c-4b78-90d0-f3855564028b,iclr-codegen,CodeUpdateArena: Benchmarking Knowledge Editing on API Updates,Reject,5.4,2025,"[5.0, 5.0, 3.0, 6.0, 8.0]",6.3,7,6,7,7
aa2ad91e-bfe3-4661-8d4c-64f3e1b2c9b5,iclr-codegen,Learning Performance-Improving Code Edits,Spotlight,7.25,2024,"[8.0, 8.0, 5.0, 8.0]",7.8,8,8,7,8
b156aeed-6839-4d29-9ad9-c88efc60a30b,iclr-codegen,CodeDPO: Aligning Code Models with Self Generated and Verified Source Code,Reject,4.25,2025,"[3.0, 5.0, 3.0, 6.0]",6.8,7,7,6,7
b298da5f-1522-44b5-993a-501a758fa43d,iclr-codegen,$\mathcal{B}$-Coder: Value-Based Deep Reinforcement Learning for Program Synthesis,Spotlight,7.5,2024,"[8.0, 6.0, 8.0, 8.0]",7.2,7,7,8,7
b3f9d9e3-21e2-4c7c-b2f2-d0af0d59f815,iclr-codegen,Enhancing Cross-Lingual and Cross-Domain Adaptability in Large Language Models for Software Engineering,Reject,3.4,2025,"[5.0, 3.0, 3.0, 1.0, 5.0]",3.0,5,2,3,2
b5b7a624-07ec-435b-a3f8-63635d23d7dc,iclr-codegen,Revisit Self-Debugging with Self-Generated Tests for Code Generation,Reject,6.25,2025,"[5.0, 6.0, 6.0, 8.0]",5.8,6,6,5,7
c0b367d7-5bf2-4272-8d65-879427f5de7a,iclr-codegen,How efficient is LLM-generated code? A rigorous & high-standard benchmark,Poster,5.75,2025,"[6.0, 5.0, 6.0, 6.0]",7.6,8,8,7,8
c2d21b9a-5865-41a1-a1e5-1bda3e9fa08c,iclr-codegen,Self-Taught Optimizer (STOP): Recursively Self-Improving Code Generation,Reject,6.2,2024,"[6.0, 8.0, 6.0, 6.0, 5.0]",7.2,7,6,8,8
c59932aa-17f2-48d0-bb28-439f922df52d,iclr-codegen,ChartMimic: Evaluating LMM's Cross-Modal Reasoning Capability via Chart-to-Code Generation,Poster,7.0,2025,"[6.0, 8.0, 6.0, 8.0]",7.2,7,7,6,8
c638fd5a-e8d5-4a24-990d-e0242fb8aa49,iclr-codegen,Grounding Code Generation with Input-Output Specifications,Reject,4.5,2024,"[5.0, 5.0, 5.0, 3.0]",6.2,7,5,6,7
c9881514-f638-4b02-a8f2-464b118aae5b,iclr-codegen,Spider 2.0: Evaluating Language Models on Real-World Enterprise Text-to-SQL Workflows,Oral,8.0,2025,"[8.0, 8.0, 8.0, 8.0]",8.2,9,8,7,8
d0680b4e-9428-4a20-b9e3-b49c02c25c24,iclr-codegen,Beyond Accuracy: Evaluating Self-Consistency of Code Large Language Models with IdentityChain,Poster,6.25,2024,"[6.0, 8.0, 3.0, 8.0]",6.8,7,7,7,8
d1cba236-0c3c-4cb0-9140-62ac3aff4398,iclr-codegen,LILO: Learning Interpretable Libraries by Compressing and Documenting Code,Poster,7.0,2024,"[8.0, 6.0, 8.0, 6.0]",7.6,8,7,7,8
d95b1a61-59dd-4516-b0dd-710958d283a2,iclr-codegen,AutoCoder: Enhancing Code Large Language Model with AIEV-INSTRUCT,Reject,3.5,2025,"[3.0, 3.0, 5.0, 3.0]",5.0,5,4,5,6
e5d122db-683f-4371-a953-eda13c9dd2c8,iclr-codegen,"A Real-World WebAgent with Planning, Long Context Understanding, and Program Synthesis",Oral,7.25,2024,"[8.0, 8.0, 8.0, 5.0]",7.8,8,7,7,8
e890bd22-3996-49ba-a129-c6bd5adff3e0,iclr-codegen,"LARG2, Language-based Automatic Reward and Goal Generation",Reject,3.0,2024,"[3.0, 3.0, 3.0, 3.0]",4.8,5,4,4,5
ec96e2b4-3ceb-460c-abd7-687de1ac099a,iclr-codegen,Searching Strengthens Large Language Models in Finding Bugs of Deep Learning Libraries,Withdrawn,3.5,2025,"[5.0, 3.0, 3.0, 3.0]",5.8,6,5,5,7
f2c11386-62ec-492f-8105-bca6393b8fd5,iclr-codegen,Leveraging Print Debugging to Improve Code Generation in Large Language Models,Withdrawn,4.25,2024,"[6.0, 3.0, 3.0, 5.0]",4.2,4,4,3,6
fa7f119e-6b0a-4de1-8567-965eca1066fc,iclr-codegen,Unmasking the Version-Switching Capabilities of Code Generation Models,Withdrawn,3.5,2025,"[3.0, 3.0, 3.0, 5.0]",6.3,7,7,5,7
fb4ea0b9-b036-44a8-b816-5d429e092bf5,iclr-codegen,COOL: Efficient and Reliable Chain-Oriented Objective Logic with Neural Networks Feedback Control for Program Synthesis,Withdrawn,2.5,2025,"[1.0, 1.0, 5.0, 3.0]",4.2,4,4,5,4
0699ad9a-37e4-4859-9925-de6337fe2af4,iclr-fairness,Don't Play Favorites: Minority Guidance for Diffusion Models,Poster,5.25,2024,"[3.0, 6.0, 6.0, 6.0]",7.3,8,7,7,8
0775e9ed-b9e1-4b6d-b727-e44c4d352a38,iclr-fairness,Distribution-Free Fair Federated Learning with Small Samples,Reject,5.8,2024,"[6.0, 5.0, 5.0, 8.0, 5.0]",7.2,8,7,6,8
09f72c11-5911-455a-bf95-16ef5a120696,iclr-fairness,Improving Fairness and Mitigating MADness in Generative Models,Reject,4.0,2025,"[5.0, 3.0, 5.0, 3.0]",5.8,7,5,7,7
0f1bb773-b90e-4ddb-a515-80d4cfb0fede,iclr-fairness,On Socially Fair Regression and Low-Rank Approximation,Reject,4.5,2024,"[3.0, 6.0, 3.0, 6.0]",7.5,8,8,7,8
15716863-0d95-421b-8f29-d3c2138d4a5d,iclr-fairness,FairTune: Optimizing Parameter Efficient Fine Tuning for Fairness in Medical Image Analysis,Poster,6.0,2024,"[6.0, 6.0, 6.0, 6.0]",6.8,7,6,7,8
246ab7a2-6867-4ba5-8f4c-aa9f802a4b0a,iclr-fairness,A Differentiable Rank-Based Objective for Better Feature Learning,Poster,6.0,2025,"[6.0, 6.0, 6.0, 6.0]",6.2,6,6,7,7
24f4ffe7-5172-47cb-a774-58028a976185,iclr-fairness,First-Person Fairness in Chatbots,Spotlight,7.25,2025,"[8.0, 8.0, 8.0, 5.0]",7.2,8,6,7,8
295c1e1b-21df-4fd3-9857-3288a34a993f,iclr-fairness,Utility as Fair Pricing,Reject,5.25,2025,"[6.0, 6.0, 6.0, 3.0]",5.0,6,4,6,4
3de5d141-0185-4d8d-be30-d0fa2be0f07f,iclr-fairness,FairlyUncertain: A Comprehensive Benchmark of Uncertainty in Algorithmic Fairness,Reject,5.6,2025,"[5.0, 6.0, 6.0, 6.0, 5.0]",6.2,7,6,6,7
3ebc6081-a604-414d-b045-ce0c12de9c2b,iclr-fairness,Evaluating Gender Bias Transfer between Pre-trained and Prompt-Adapted Language Models,Reject,6.0,2025,"[6.0, 5.0, 5.0, 8.0]",5.8,6,5,5,7
4082de1a-f45c-48ef-8d16-5a012252c243,iclr-fairness,Debias your VLM with Counterfactuals: A Unified Approach,Reject,5.0,2024,"[5.0, 5.0, 5.0, 5.0]",6.3,7,6,6,7
414dd97a-34db-45cd-ba2f-bc91ca6cc2e2,iclr-fairness,Entropy-Based Aggregation for Fair and Effective Federated Learning,Reject,6.0,2025,"[5.0, 6.0, 5.0, 6.0, 8.0]",6.8,7,7,6,7
4483e9bb-7376-4a32-8b96-dc81ea0043f9,iclr-fairness,An Effective Theory of Bias Amplification,Poster,7.0,2025,"[8.0, 6.0, 6.0, 8.0]",7.8,8,9,7,8
449ee865-c511-4141-aa7e-de17b2d4a19e,iclr-fairness,Eye Fairness: A Large-Scale 3D Imaging Dataset for Equitable Eye Diseases Screening and Fair Identity Scaling,Reject,5.5,2024,"[6.0, 5.0, 6.0, 5.0]",6.8,8,5,7,7
49f35657-e13c-47ec-98df-13febe305504,iclr-fairness,The Fair Language Model Paradox,Reject,4.75,2025,"[5.0, 6.0, 3.0, 5.0]",5.8,6,5,7,7
4d887abe-44a9-47e2-8ba6-09e8c5961f7b,iclr-fairness,Efficient Fairness-Performance Pareto Front Computation,Reject,6.0,2025,"[6.0, 6.0, 8.0, 5.0, 5.0]",7.3,8,7,8,7
4e20071a-37cf-4ab1-a6d1-62aa554047fe,iclr-fairness,Sensitivity Verification for Additive Decision Tree Ensembles,Poster,6.4,2025,"[6.0, 8.0, 6.0, 6.0, 6.0]",6.3,6,7,6,7
566f680c-917f-446c-b0fe-f0d161a94510,iclr-fairness,Prediction without Preclusion: Recourse Verification with Reachable Sets,Spotlight,6.0,2024,"[6.0, 5.0, 8.0, 5.0]",7.8,8,7,8,8
5ae08406-f63f-4e84-86a2-399fdf6a30ad,iclr-fairness,Self-Preference Bias in LLM-as-a-Judge,Reject,4.5,2025,"[3.0, 6.0, 6.0, 3.0]",6.8,8,5,7,7
645fbc4f-a768-42fe-be7b-4abd26568e1b,iclr-fairness,It HAS to be Subjective: Human Annotator Simulation via Zero-shot Density Estimation,Reject,5.5,2024,"[5.0, 6.0, 6.0, 5.0]",7.4,8,7,8,7
6817274c-7a5c-4015-b288-7819795bd257,iclr-fairness,Unprocessing Seven Years of Algorithmic Fairness,Oral,7.0,2024,"[6.0, 8.0, 6.0, 8.0]",8.3,9,8,7,9
6be819b4-f097-4688-beac-9212c938b98c,iclr-fairness,FairGen: controlling fair generations in diffusion models via adaptive latent guidance,Reject,4.0,2025,"[5.0, 5.0, 3.0, 3.0]",6.5,7,5,6,8
6f49a500-6d7f-4c0d-b5f4-58fdcd1e7f05,iclr-fairness,MultiContrievers: Analysis of Dense Retrieval Representations,Reject,4.5,2024,"[6.0, 3.0, 6.0, 3.0]",6.5,7,6,7,7
701026ae-b9ca-441b-85e4-6d12e910b2d3,iclr-fairness,A Generic Framework for Conformal Fairness,Poster,6.0,2025,"[6.0, 6.0, 6.0, 6.0]",6.8,7,7,6,8
704bab49-def8-40e4-98c5-f737485dd405,iclr-fairness,BAdd: Bias Mitigation through Bias Addition,Reject,6.0,2025,"[5.0, 6.0, 8.0, 5.0]",7.2,8,7,6,8
71f2e811-ef52-473c-bb45-0d555f229996,iclr-fairness,On the Effect of Defection in Federated Learning and How to Prevent It,Reject,3.75,2024,"[3.0, 3.0, 6.0, 3.0]",5.8,6,5,7,7
75387262-135f-495c-9501-74fddffddc15,iclr-fairness,Competitive Fair Scheduling with Predictions,Poster,6.8,2025,"[8.0, 6.0, 8.0, 6.0, 6.0]",6.8,7,7,7,6
7b9ad858-d32a-4da6-be94-e40b2326f6d6,iclr-fairness,"Small Variance, Big Fairness: A Path to Harmless Fairness without Demographics",Reject,5.0,2024,"[3.0, 5.0, 6.0, 6.0]",6.8,7,6,7,7.5
7d84865b-a03b-4547-9954-0e414db0d45d,iclr-fairness,Conformal Prediction Sets Can Cause Disparate Impact,Spotlight,7.25,2025,"[5.0, 8.0, 8.0, 8.0]",7.8,9,7,8,8
7e3f709e-c00a-4d38-abf3-b73d16c8e293,iclr-fairness,Fair Off-Policy Learning from Observational Data,Reject,6.0,2024,"[5.0, 8.0, 5.0, 6.0]",6.2,7,5.5,6,7
7fa64a57-7ec9-4ae3-a613-65fc6a15299c,iclr-fairness,CEB: Compositional Evaluation Benchmark for Fairness in Large Language Models,Spotlight,7.5,2025,"[8.0, 8.0, 6.0, 8.0]",5.5,6,5,5,7
814c8479-1d03-426f-b4b6-22c58d7db864,iclr-fairness,FairDen: Fair Density-Based Clustering,Poster,6.75,2025,"[6.0, 5.0, 8.0, 8.0]",6.3,7,6,6,7
8a544450-2fa8-4efa-bd43-273856f5d634,iclr-fairness,"Does Progress On Object Recognition Benchmarks Improve Generalization on Crowdsourced, Global Data?",Poster,6.25,2024,"[6.0, 5.0, 8.0, 6.0]",7.5,9,8,6,8
8ac9a049-3f81-47fe-93be-1d07b6a4a972,iclr-fairness,GenDataAgent: On-the-fly Dataset Augmentation with Synthetic Data,Poster,6.25,2025,"[3.0, 8.0, 8.0, 6.0]",6.3,7,6,5,7
8b54619b-5d42-427a-853b-304707550bd1,iclr-fairness,FairMT-Bench: Benchmarking Fairness for Multi-turn Dialogue in Conversational LLMs,Spotlight,7.0,2025,"[8.0, 6.0, 8.0, 6.0]",6.8,7,6,7,7
8ebf95b7-3f0c-41d4-8fff-a5be90ef0773,iclr-fairness,Enhancing Group Fairness in Federated Learning through Personalization,Reject,4.5,2025,"[3.0, 5.0, 5.0, 5.0]",5.8,6,5,6,7
93e9a1e7-6ca6-4d0a-bab9-293e31dcc5c1,iclr-fairness,fairret: a Framework for Differentiable Fairness Regularization Terms,Poster,6.0,2024,"[8.0, 5.0, 8.0, 3.0]",5.8,6,6,5,7
9d58381a-cab0-450d-b8f1-6bd621777587,iclr-fairness,Kill Two Birds with One Stone: Rethinking Data Augmentation for Deep Long-tailed Learning,Poster,6.75,2024,"[8.0, 5.0, 6.0, 8.0]",6.8,7,7,7,7
9e1d8a81-9fd3-48b9-ab00-126c7b9ca159,iclr-fairness,Enhancing Group Fairness in Federated Learning through Personalization,Reject,4.0,2024,"[5.0, 5.0, 3.0, 3.0]",4.5,5,3,5,6
a1df0904-92bd-403b-a37c-864878d03084,iclr-fairness,"Rethinking Counterfactual Fairness: On Which Individuals to Enforce, and How?",Reject,4.25,2024,"[5.0, 3.0, 6.0, 3.0]",6.8,8,6,8,7
a2bc3253-4467-4d16-87b9-2b26b76e6c62,iclr-fairness,A Logical Framework for Verification of AI Fairness,Reject,2.5,2024,"[1.0, 1.0, 3.0, 5.0]",3.0,2,2,4,5
a61b7173-60b3-44b6-b46e-e00e13dd4fa4,iclr-fairness,Learning Actionable Counterfactual Explanations in Large State Spaces,Reject,4.25,2025,"[5.0, 6.0, 1.0, 5.0]",5.0,6,4,5,6
a67547cb-d7e5-4e33-a69e-71f673abbabe,iclr-fairness,Long-Term Fairness in Reinforcement Learning with Bisimulation Metrics,Reject,5.5,2025,"[5.0, 5.0, 6.0, 6.0]",6.3,7,5.5,7.5,7
a91747b9-f66d-4f1a-b057-98b1d39d9d1f,iclr-fairness,AITTI: Learning Adaptive Inclusive Token for Text-to-Image Generation,Reject,5.0,2025,"[5.0, 5.0, 5.0, 5.0]",6.3,6,6,6,7
a975eda5-b86f-44e9-a4c8-ba459ccc35d1,iclr-fairness,"Towards Fair Graph Anomaly Detection: Problem, New Datasets, and Evaluation",Reject,5.5,2024,"[3.0, 5.0, 6.0, 8.0]",6.0,7,5,5,7
aa66268c-d5c4-490d-a5da-588bd5ff6570,iclr-fairness,"No Free Lunch: Retrieval-Augmented Generation Undermines Fairness in LLMs, Even for Vigilant Users",Reject,4.5,2025,"[3.0, 6.0, 6.0, 3.0]",6.8,7.5,6.0,7,7.5
ab87396f-4a7f-4e78-a8db-c66155a42ff8,iclr-fairness,Cauchy-Schwarz Fairness Regularizer,Reject,3.5,2025,"[5.0, 3.0, 3.0, 3.0]",5.5,6,5,5,7
b08e08c9-d409-4e07-aff4-942ea18a8bad,iclr-fairness,FairLoRA: Targeted Bias Mitigation without Performance Loss,Reject,5.0,2025,"[6.0, 8.0, 3.0, 3.0]",5.8,6,5,6,7
b5d49b95-7f06-4176-97a4-19e22526895f,iclr-fairness,Enhancing Group Fairness in Online Settings Using Oblique Decision Forests,Spotlight,7.0,2024,"[8.0, 8.0, 8.0, 5.0, 6.0]",7.2,7,7,7,8
badbba43-1075-4aab-aea9-5040bcc2eca5,iclr-fairness,FairReweighing: density estimation-based reweighing framework for improving separation in fair regression,Reject,3.75,2024,"[6.0, 3.0, 3.0, 3.0]",4.0,4,3,4,6
c0015a0c-d32c-4375-8204-4471ec6ac365,iclr-fairness,Fair Classifiers that Abstain without Harm,Poster,6.5,2024,"[6.0, 8.0, 6.0, 6.0]",6.5,7,6,7,7
c017ff64-1bc2-46a6-a0b0-e210edd9681a,iclr-fairness,Fair and Efficient Contribution Valuation for Vertical Federated Learning,Poster,6.5,2024,"[6.0, 6.0, 8.0, 6.0]",6.8,7,7,6,8
c0bb76f8-6cfd-4012-b4ff-9918600ab57d,iclr-fairness,"""What Data Benefits My Classifier?"" Enhancing Model Performance and Interpretability through Influence-Based Data Selection",Oral,6.4,2024,"[6.0, 6.0, 6.0, 8.0, 6.0]",6.8,7,7,5,8
c1014cf6-5298-474a-83f2-6eeb8c2acc7a,iclr-fairness,An Online Learning Theory of Trading-Volume Maximization,Poster,7.0,2025,"[6.0, 8.0, 6.0, 8.0]",7.3,7,9,6,8
c7bc06e2-ec37-4fa7-b99b-27225dc823ec,iclr-fairness,Towards Fair Knowledge Distillation using Student Feedback,Reject,5.6,2024,"[6.0, 5.0, 5.0, 6.0, 6.0]",5.5,7,5,5,7
c8af1783-264b-43cd-989d-1f516689287d,iclr-fairness,Fair Text-to-Image Diffusion via Fair Mapping,Reject,5.4,2024,"[5.0, 5.0, 6.0, 5.0, 6.0]",4.5,5,4,4,6
ca4954f8-e4cc-4b8f-b5fd-a629eecd1468,iclr-fairness,Towards counterfactual fairness through auxiliary variables,Poster,6.0,2025,"[8.0, 5.0, 3.0, 8.0]",5.5,6,4,6,6
cb4837e6-e53a-479a-a118-1e460f645c92,iclr-fairness,Towards Poisoning Fair Representations,Poster,6.0,2024,"[3.0, 5.0, 8.0, 6.0, 8.0]",6.8,7,7,7,7
cbaf31db-69a9-436d-971f-635231b2a861,iclr-fairness,Fair Feature Importance Scores for Interpreting Tree-Based Methods and Surrogates,Reject,4.5,2024,"[3.0, 5.0, 5.0, 5.0]",5.5,6,5,5,7
d82f2b2f-4374-48ba-a7e8-7021991bc2c7,iclr-fairness,PLS-based approach for Fair Representation Learning,Reject,4.5,2025,"[5.0, 5.0, 3.0, 5.0]",4.5,4,4,4,6
dff1661d-4c2e-4045-a2b5-f4235b9ebbac,iclr-fairness,Fair Submodular Cover,Poster,6.5,2025,"[8.0, 6.0, 6.0, 6.0]",6.8,7,7,6,7
dffa2755-a055-4466-b32a-2124aee05383,iclr-fairness,SEBRA : Debiasing through Self-Guided Bias Ranking,Poster,5.75,2025,"[6.0, 6.0, 6.0, 5.0]",7.2,7,7,7,7
e8e31b5c-4e32-43e2-b4f3-af8d1335af49,iclr-fairness,Regretful Decisions under Label Noise,Poster,6.75,2025,"[5.0, 6.0, 8.0, 8.0]",7.8,8,8,8,7.5
ed31c946-0476-4f10-bc59-02160471b4ab,iclr-fairness,Collapsed Language Models Promote Fairness,Poster,6.75,2025,"[6.0, 8.0, 5.0, 8.0]",6.5,7,6,7,7
edf640ac-a0ba-46aa-b3eb-38fccbd7a37b,iclr-fairness,Fairness Metric Impossibility: Investigating and Addressing Conflicts,Reject,4.75,2024,"[5.0, 3.0, 5.0, 6.0]",5.5,7,5,4,7
ee8915d3-def6-4f08-85a6-0fc017713dd9,iclr-fairness,A case for data valuation transparency via DValCards,Reject,4.25,2025,"[3.0, 6.0, 5.0, 3.0]",5.5,6,5,5,7
f42fdc8c-c47c-40f4-8579-4d7f5c83a0fc,iclr-fairness,Networked Inequality: Preferential Attachment Bias in Graph Neural Network Link Prediction,Reject,6.0,2024,"[6.0, 8.0, 5.0, 5.0]",7.2,8,6.5,8,7.5
f79b0f00-c506-4842-841f-44e0578de4be,iclr-fairness,Fairness Feedback Loops: Training on Synthetic Data Amplifies Bias,Reject,3.0,2024,"[3.0, 3.0, 3.0, 3.0]",5.5,7,5,6,7
00be6f04-df5a-47ee-9f32-f6303056b5f5,iclr-llm,CHASE-SQL: Multi-Path Reasoning and Preference Optimized Candidate Selection in Text-to-SQL,Poster,6.25,2025,"[6.0, 6.0, 8.0, 5.0]",7.2,7,7,6,8
0129f032-6b55-4cfa-a456-005ed563ca1f,iclr-llm,CheckEmbed: Effective Verification of LLM Solutions to Open-Ended Tasks,Reject,3.0,2025,"[3.0, 3.0, 3.0, 3.0]",5.5,6,5,4,7
065a569f-2fbf-4894-adfa-db068fcb1bff,iclr-llm,Addax: Utilizing Zeroth-Order Gradients to Improve Memory Efficiency and Performance of SGD for Fine-Tuning Language Models,Poster,6.0,2025,"[6.0, 6.0, 6.0, 6.0]",7.3,8,7,7,8
066e5936-b6ba-4830-b7c3-b5c64a00075a,iclr-llm,Human-Instruction-Free LLM Self-Alignment with Limited Samples,Reject,4.0,2025,"[3.0, 5.0, 5.0, 3.0]",4.2,5,3,4,6
08568d15-8d86-4359-b0f2-b7f282e21b2e,iclr-llm,Unified Human-Scene Interaction via Prompted Chain-of-Contacts,Spotlight,7.25,2024,"[6.0, 8.0, 5.0, 10.0]",7.3,8,6,8,8
09a9e24a-db14-4ddc-9934-ffaf41156cb5,iclr-llm,FreqKV: Frequency Domain Key-Value Compression for Efficient Context Window Extension,Reject,5.8,2025,"[5.0, 5.0, 5.0, 8.0, 6.0]",6.3,7,6,6,7
0a5ab59b-a195-4685-a2d5-94a7b7ad9feb,iclr-llm,Extracting and Transferring Abilities For Building Multi-lingual Ability-enhanced Large Language Models,Withdrawn,5.5,2025,"[3.0, 5.0, 8.0, 6.0]",5.8,7,5,6,6
0ac253c2-b226-414e-a855-21538fbc7be2,iclr-llm,Understanding Layer Significance in LLM Alignment,Withdrawn,4.4,2025,"[6.0, 3.0, 3.0, 5.0, 5.0]",6.0,6,6,5,7
1133cd2a-2b14-4dd5-90ca-d179e40f4e7e,iclr-llm,Topic and Description Reasoning Generation based on User-Contributed Comments,Reject,2.0,2025,"[1.0, 3.0, 1.0, 3.0]",3.0,3,2,2,4
1bde20c2-e7ec-4fc8-a6ab-db2465760e28,iclr-llm,Fine-tuning with Reserved Majority for Noise Reduction,Spotlight,7.5,2025,"[8.0, 8.0, 8.0, 6.0]",6.8,7,7,6,8
22e4bd65-550a-4abe-9917-05b034a4fdf0,iclr-llm,Unlearning or Obfuscating? Jogging the Memory of Unlearned LLMs via Benign Relearning,Poster,6.75,2025,"[6.0, 8.0, 5.0, 8.0]",7.8,9,8,7,8
234a63fc-758c-4ea5-a200-445da9aaba75,iclr-llm,Disco-Bench: A Context-Aware Evaluation Benchmark for Language Modelling,Reject,4.25,2024,"[6.0, 3.0, 5.0, 3.0]",6.0,7,5,5,5
25e0d95b-f14e-4d0f-a12c-1b2b916f5f6b,iclr-llm,DoLa: Decoding by Contrasting Layers Improves Factuality in Large Language Models,Poster,7.25,2024,"[8.0, 5.0, 8.0, 8.0]",7.8,8,7,8,8
260e5e67-680c-42ec-8101-f8e27292cb13,iclr-llm,SocREval: LLMs with the Socratic Method for Reference-free Reasoning Evaluation,Withdrawn,4.0,2024,"[3.0, 5.0, 3.0, 5.0]",5.2,6,5,4,7
277ec5e3-e58d-46b9-ab88-e6f37e7f595f,iclr-llm,Project MPG: towards a generalized performance quotient for LLM intelligence,Reject,1.5,2025,"[3.0, 1.0, 1.0, 1.0]",3.2,4,2,3,4
3121839e-1576-4f3b-ba27-015e303c700b,iclr-llm,Corex: Pushing the Boundaries of Complex Reasoning through Multi-Model Collaboration,Withdrawn,5.25,2024,"[8.0, 3.0, 5.0, 5.0]",5.4,6,5,4,7
3398d121-803a-4ec0-b5e1-abe7a80a5b3e,iclr-llm,FCoReBench: Can Large Language Models Solve Challenging First-Order Combinatorial Reasoning Problems?,Reject,3.5,2025,"[3.0, 3.0, 5.0, 3.0]",7.3,7,8,7,8
3470fb64-64e5-4411-99f1-9a45159e04d0,iclr-llm,In-batch Ensemble Drafting: Toward Fast and Robust Speculative Decoding for Multimodal Language Models,Withdrawn,3.5,2025,"[5.0, 3.0, 3.0, 3.0]",5.8,6,5,6,7
38681e3d-c625-4690-8e0c-46380a6a404d,iclr-llm,NEXTLOCLLM: NEXT LOCATION PREDICTION USING LLMS,Desk Rejected,5.25,2025,"[5.0, 6.0, 5.0, 5.0]",5.5,6,5,5,7
3df49918-8c5a-488a-8c83-70b6ba19c683,iclr-llm,LLM-Rec: Personalized Recommendation via Prompting Large Language Models,Withdrawn,3.75,2024,"[3.0, 3.0, 3.0, 6.0]",4.8,5,4,4,7
3ea23682-b21d-4a42-812e-73ca3d269117,iclr-llm,Uncertainty Quantification in Retrieval Augmented Question Answering,Reject,4.8,2025,"[5.0, 5.0, 3.0, 6.0, 5.0]",6.0,6,5,6,7
418379c5-95f9-4a85-b2f7-5eac86345fa7,iclr-llm,Demystifying Embedding Spaces using Large Language Models,Poster,6.75,2024,"[5.0, 8.0, 6.0, 8.0]",7.2,8,6,7,8
4ced28b3-429e-4d24-b0da-bf8cdb38e763,iclr-llm,IntelLLM: Little Hints Make a Big Difference for LLM KV Cache Compression,Withdrawn,3.0,2025,"[3.0, 3.0, 3.0, 3.0, 3.0]",4.2,5,3,4,5
4f3cb605-2f64-4ac6-a298-05ef212c956b,iclr-llm,Generate-then-Test: Automated Test Case Generation for WebAssembly Using Large Language Models,Reject,3.0,2025,"[3.0, 3.0, 3.0, 3.0]",4.5,5,3,5,6
506a8e92-4eed-4bac-81e0-c6b741c20696,iclr-llm,A Data-Centric Approach for Financial Large Language Models with Abductive Augmentation Reasoning,Withdrawn,3.5,2024,"[3.0, 5.0, 3.0, 3.0]",4.2,5,3,4,5
51755273-490a-43b0-a737-decf05123a8a,iclr-llm,BigDocs: An Open Dataset for Training Multimodal Models on Document and Code Tasks,Poster,5.75,2025,"[5.0, 5.0, 8.0, 5.0]",7.5,8,7.5,6.5,8
53f532c6-fe53-430b-acd9-512f12bb60c9,iclr-llm,Reprompting: Automated Chain-of-Thought Prompt Inference Through Gibbs Sampling,Reject,5.4,2024,"[6.0, 5.0, 5.0, 6.0, 5.0]",6.2,7,5,7,7
554e0a2f-7c76-4891-ba5c-9262b361da40,iclr-llm,PASER: Post-Training Data Selection for Efficient Pruned Large Language Model Recovery,Reject,5.0,2025,"[5.0, 5.0, 5.0, 5.0]",7.0,7,8,6,7
5564399d-a131-4fcf-b71b-e757640c6579,iclr-llm,A Novel Soft Alignment Approach for Language Models with Explicit Listwise Rewards,Withdrawn,2.5,2025,"[3.0, 3.0, 3.0, 1.0]",4.5,5,3,5,6
5d108f2c-9bc0-472b-826f-f7288f7a3636,iclr-llm,Mini-batch Coresets for Memory-efficient Language Model Training on Data Mixtures,Poster,6.75,2025,"[8.0, 5.0, 8.0, 6.0]",7.1,7,7,7,8
612956c2-309a-45f1-9a57-31c6ec16d72f,iclr-llm,Lookers-On See Most of the Game: An External Insight-Guided Method for Enhancing Uncertainty Estimation,Withdrawn,3.0,2025,"[3.0, 3.0, 3.0, 3.0, 3.0]",4.0,4,3,4,6
64d66404-7dc8-4aa4-96cd-128fa8a3a305,iclr-llm,Cut Your Losses in Large-Vocabulary Language Models,Oral,8.5,2025,"[10.0, 6.0, 8.0, 10.0]",8.2,9,8,6.5,9
731577a4-252a-434d-afe7-c00167356e66,iclr-llm,OptiBench: Benchmarking Large Language Models in Optimization Modeling with Equivalence-Detection Evaluation,Withdrawn,5.0,2025,"[3.0, 6.0, 6.0, 5.0]",6.8,7,6,7,7
75caf6c0-8aec-4d0e-8ff8-54c83fd6650f,iclr-llm,Self-controller: Controlling LLMs with Multi-round Step-by-step Self-awareness,Withdrawn,3.5,2025,"[3.0, 5.0, 3.0, 3.0]",3.5,3,3,3,5
75d929d4-7c93-4fb5-b022-d9e00123f3b3,iclr-llm,Towards LLM4Floorplan: Agents Can Do What Engineers Do in Chip Design,Withdrawn,4.0,2025,"[3.0, 3.0, 5.0, 5.0]",5.5,5,5,6,7
771a9ee4-52c0-41c9-a9b6-1272470388f7,iclr-llm,At Which Training Stage Does Code Data Help LLMs Reasoning?,Spotlight,7.25,2024,"[5.0, 8.0, 8.0, 8.0]",5.5,6,5,5,7
7964315b-e5d3-47d7-9d31-4f200b18d33b,iclr-llm,LongLoRA: Efficient Fine-tuning of Long-Context Large Language Models,Oral,7.0,2024,"[6.0, 8.0, 8.0, 6.0]",7.2,8,7,6,8
7ddda336-cf65-4039-9b44-6c6e8addf1c8,iclr-llm,Polyrating: A Cost-Effective and Bias-Aware Rating System for LLM Evaluation,Poster,6.5,2025,"[6.0, 6.0, 8.0, 6.0]",7.3,7,8,6,8
86bc95c8-cee8-4b6b-b936-91fa4207b6f6,iclr-llm,LLM-Exp: Exploring the Policy in Reinforcement Learning with Large Language Models,Reject,3.5,2025,"[5.0, 3.0, 3.0, 3.0]",3.5,3,2,4,6
870564fb-4629-4e77-98eb-8eb8a5539cf1,iclr-llm,NV-Embed: Improved Techniques for Training LLMs as Generalist Embedding Models,Spotlight,7.5,2025,"[8.0, 8.0, 6.0, 8.0]",6.8,7,7,5,8
87dcd7f2-348a-4f87-a34a-dfe49a733cd8,iclr-llm,Context-Driven Missing Data Imputation via Large Language Model,Reject,4.0,2025,"[5.0, 3.0, 3.0, 5.0]",6.3,6,7,6,7
90183a5c-afb8-43a2-987d-1f44f30fa122,iclr-llm,Retentive Network: A Successor to Transformer for Large Language Models,Reject,4.75,2024,"[6.0, 5.0, 5.0, 3.0]",6.5,7,5.5,7,8
91ff8442-06d8-4b3e-844d-97ab8adbac00,iclr-llm,TorchTitan: One-stop PyTorch native solution for production ready LLM pretraining,Poster,6.5,2025,"[5.0, 6.0, 6.0, 6.0, 6.0, 10.0]",6.5,7,6,5,8
94cf515a-86ec-43a4-a988-fad723b3f15a,iclr-llm,FinRipple: Aligning Large Language Models with Financial Market for Event Ripple Effect Awareness,Withdrawn,5.25,2025,"[3.0, 6.0, 6.0, 6.0]",6.5,7,5.5,7,7
9947f5df-04f6-4619-8f7d-aef8de7b0489,iclr-llm,Understanding Synthetic Context Extension via Retrieval Heads,Reject,5.75,2025,"[6.0, 6.0, 5.0, 6.0]",6.8,7,7,6,8
9a6b07ae-0363-429a-aea0-befea1f9edf6,iclr-llm,Knowledge Graph Tuning: Real-time Large Language Model Personalization based on Human Feedback,Reject,4.2,2025,"[6.0, 5.0, 1.0, 3.0, 6.0]",5.5,6,4,6,7
9b34ae3f-12fa-4dd6-b32f-8a46ee909260,iclr-llm,Human Simulacra: Benchmarking the Personification of Large Language Models,Poster,5.6,2025,"[8.0, 3.0, 6.0, 5.0, 6.0]",5.5,6,5,6,7
9e7f08ed-f099-4b70-a25e-58f139f8ff11,iclr-llm,ProtChatGPT: Towards Understanding Proteins with Large Language Models,Withdrawn,5.0,2024,"[3.0, 6.0, 5.0, 6.0]",3.5,4,2,2,5
9f1674a4-1d1a-422d-a821-0adef05993b6,iclr-llm,Self-play with Execution Feedback: Improving Instruction-following Capabilities of Large Language Models,Spotlight,7.2,2025,"[6.0, 8.0, 8.0, 8.0, 6.0]",7.8,8,8,7.5,8
a48bbca0-e426-40c9-870d-df7f9746aef7,iclr-llm,BooookScore: A systematic exploration of book-length summarization in the era of LLMs,Oral,8.5,2024,"[8.0, 8.0, 10.0, 8.0]",7.0,7,8,6,8
a8443c82-104c-4f16-be15-bfe4210a2c94,iclr-llm,"Large Content And Behavior Models To Understand, Simulate, And Optimize Content And Behavior",Spotlight,7.25,2024,"[6.0, 8.0, 5.0, 10.0]",5.5,7,4,6,7
a893698b-a2eb-49e0-b73e-03cc280975f8,iclr-llm,Optimizing Large Language Models with Automatic Speech Recognition for Medication Corpus in Low-Resource Healthcare Settings.,Reject,2.0,2025,"[1.0, 1.0, 5.0, 1.0]",2.0,3,1,2,2
b2685de6-7268-41ab-bc69-8fef0e8b6bc8,iclr-llm,Sparse Rewards Can Self-Train Dialogue Agents,Reject,4.75,2025,"[5.0, 3.0, 6.0, 5.0]",5.8,6,5,5,7
b6588251-1ebb-4e0b-a9ad-474b09e70119,iclr-llm,Correlating instruction-tuning (in multimodal models) with vision-language processing (in the brain),Poster,7.0,2025,"[8.0, 6.0, 6.0, 8.0]",5.5,5,6,5,7
c70b00f4-df5e-4c54-8a98-093be54e652f,iclr-llm,BALCONI: BALancing CONtext  and Internal Knowledge For Training Flexible LLMs,Reject,5.25,2025,"[6.0, 3.0, 6.0, 6.0]",5.5,6,5.5,4.5,7
ca36a4aa-fe94-4305-9b8f-37d377dc67e7,iclr-llm,A Realistic Threat Model for Large Language Model Jailbreaks,Reject,5.25,2025,"[5.0, 5.0, 3.0, 8.0]",8.2,9,8,7,9
cd379618-7a6e-41e3-a461-161b6569a335,iclr-llm,"Compress, Then Prompt: Improving Accuracy-Efficiency Trade-off of LLM Inference with Transferable Prompt",Reject,5.75,2024,"[8.0, 5.0, 5.0, 5.0]",5.5,6,5,7,7
d0ac5c53-0c32-4b62-a50e-77bdc5e0df95,iclr-llm,BatchPrompt: Accomplish more with less,Poster,6.25,2024,"[6.0, 5.0, 8.0, 6.0]",5.5,5,5,4,7
d3487e01-7c63-4373-8bec-0fa5bbb53600,iclr-llm,Modeling Real-Time Interactive Conversations as Timed Diarized Transcripts,Reject,5.25,2025,"[8.0, 5.0, 5.0, 3.0]",6.0,7,4,8,8
d785629e-9271-477c-9903-dc05c422541a,iclr-llm,Tool Decoding: A Plug-and-Play Approach to Enhancing Language Models for Tool Usage,Withdrawn,6.0,2025,"[6.0, 6.0, 6.0, 6.0]",5.8,6,5,5,7
d7f07165-639f-4ef2-8b91-27e2fdf60ab3,iclr-llm,Hypothesis- and Structure-based prompting for medical and business diagnosis,Reject,2.5,2024,"[3.0, 3.0, 1.0, 3.0]",4.0,5,3,5,6
db288ccf-6cfa-43bf-8f61-e42b6fefa9bb,iclr-llm,UOE: Unlearning One Expert is Enough for Mixture-of-Experts LLMs,Reject,5.25,2025,"[6.0, 5.0, 5.0, 5.0]",7.3,8,7,8,8
df85ac1c-f22e-4449-8b9c-e8bb8acae1e7,iclr-llm,AutoCode4Math: Learning Autonomous Code Integration for Math LLMs,Reject,6.0,2025,"[8.0, 6.0, 5.0, 5.0]",7.2,7,7,8,8
e1697b9a-7270-4e39-9be5-8aae12a45bcd,iclr-llm,AlphaEdit: Null-Space Constrained Knowledge Editing for Language Models,Oral,8.0,2025,"[8.0, 8.0, 8.0, 8.0]",7.8,8,8,7,8
e2eeacc4-d167-494e-b40c-ea138c14d4f5,iclr-llm,"Do as We Do, Not as You Think: the Conformity of Large Language Models",Oral,7.5,2025,"[8.0, 8.0, 8.0, 6.0]",6.5,7,6,6,8
e39344ea-fd57-4971-9fa0-1c340d861911,iclr-llm,PreCoT: Problem Representation Enhances Reasoning in Large Language Models,Reject,4.75,2024,"[3.0, 3.0, 5.0, 8.0]",4.5,5,4,5,7
e564dadf-c3ee-4fc2-8018-5f4c9fb42662,iclr-llm,Meta- (out-of-context) learning in neural networks,Reject,5.25,2024,"[6.0, 5.0, 5.0, 5.0]",7.2,8,7,8,8
e6117b89-2562-4553-b5b7-ce23e0a80b29,iclr-llm,INCLUDE: Evaluating Multilingual Language Understanding with Regional Knowledge,Spotlight,7.25,2025,"[8.0, 5.0, 8.0, 8.0]",7.5,8,7,7,8
eacad9be-c2e6-4fa7-9b2f-9aedd160bb89,iclr-llm,CAKE: Cascading and Adaptive KV Cache Eviction with Layer Preferences,Poster,7.0,2025,"[6.0, 6.0, 10.0, 6.0]",7.2,7,8,6,8
ec7396f3-0108-4773-b264-729950d4ffc4,iclr-llm,Turning Up the Heat: Min-p Sampling for Creative and Coherent LLM Outputs,Oral,8.5,2025,"[8.0, 10.0, 10.0, 6.0]",5.8,6,5,5,7
ecc18466-3760-4d82-9b40-d6ff199e72cf,iclr-llm,Leveraging Submodule Linearity Enhances Task Arithmetic Performance in LLMs,Poster,6.0,2025,"[6.0, 6.0, 6.0, 6.0]",6.3,6,6,6.5,7.5
f03330c3-c6c0-4e3e-968a-f1ee0d6258c0,iclr-llm,Exploring the Limitations of Graph-based Logical Reasoning in Large Language Models,Withdrawn,2.5,2024,"[3.0, 1.0, 3.0, 3.0]",3.5,5,2,3,4
f4050786-671a-428f-8014-4457f27f2e3c,iclr-llm,Textbooks Are All You Need,Reject,6.0,2024,"[5.0, 8.0, 5.0, 6.0, 6.0, 6.0]",7.5,9,6,8,8
0e601a81-30d2-4fea-be47-f08608e9c51f,iclr-molecules,MF-LAL: Drug Compound Generation Using Multi-Fidelity Latent Space Active Learning,Reject,5.2,2025,"[5.0, 5.0, 8.0, 3.0, 5.0]",6.5,7,5,7,7
1a7cbeda-ac57-466d-8bac-120fd89a68bc,iclr-molecules,Chemistry-Inspired Diffusion with Non-Differentiable Guidance,Poster,6.0,2025,"[5.0, 6.0, 5.0, 8.0]",7.3,8,7,7,8
1d326eea-b4f5-4a93-8854-e8457f0c188f,iclr-molecules,MV-CLAM: Multi-View Molecular Interpretation with Cross-Modal Projection via Language Model,Reject,4.0,2025,"[3.0, 5.0, 5.0, 3.0]",6.0,6,6,5,7
1fc71a6f-735c-4733-b578-49032d62e0d3,iclr-molecules,SDDBench: A Benchmark for Synthesizable Drug Design,Reject,4.0,2025,"[3.0, 5.0, 5.0, 3.0]",5.5,7,4,5,7
203337ed-5c27-4c5a-b30e-9a816f60767f,iclr-molecules,RetroBridge: Modeling Retrosynthesis with Markov Bridges,Spotlight,7.0,2024,"[6.0, 8.0, 6.0, 8.0]",8.0,8,8,8,8
210d06f9-9ec9-4f3d-8e36-742524252e7a,iclr-molecules,Enhancing Sample Efficiency in Black-box Combinatorial Optimization via Symmetric Replay Training,Reject,6.0,2024,"[6.0, 5.0, 5.0, 8.0]",6.8,7,7,6,7
22fe9912-749d-4010-ab33-54f7034baa9a,iclr-molecules,Protein-Ligand Interaction Prior for Binding-aware 3D Molecule Diffusion Models,Poster,6.25,2024,"[6.0, 8.0, 5.0, 6.0]",7.8,8,7,8,8
2602da79-8f30-4a19-82cc-5dc42596ddaf,iclr-molecules,Cometh: A continuous-time discrete-state graph diffusion model,Reject,4.0,2025,"[5.0, 3.0, 3.0, 5.0]",6.8,7,7,6,8
31698403-15b9-4a4c-8b0f-5edace92d149,iclr-molecules,SynthFormer: Equivariant Pharmacophore-based Generation of Molecules for Ligand-Based Drug Design,Reject,3.5,2025,"[3.0, 5.0, 3.0, 3.0]",4.5,6,3,7,6
34c4d4fc-1279-4142-a66d-5cd35d61b095,iclr-molecules,LDMol: Text-to-Molecule Diffusion Model with Structurally Informative Latent Space,Reject,5.25,2025,"[6.0, 5.0, 5.0, 5.0]",7.3,8,7,7,8
350b925e-df2c-4a33-ba38-41d39a973dcc,iclr-molecules,Accelerating 3D Molecule Generation via Jointly Geometric Optimal Transport,Poster,6.0,2025,"[6.0, 6.0, 6.0, 6.0]",7.2,7,7,7,8
362439dd-3ebd-4a06-920f-77fd64dfe945,iclr-molecules,Towards scientific discovery with dictionary learning: Extracting biological concepts from microscopy foundation models,Reject,5.6,2025,"[8.0, 5.0, 5.0, 5.0, 5.0]",6.5,7,6,5,7
3ac2704f-c27b-474f-8269-853ffa40d05a,iclr-molecules,Small Molecule Optimization with Large Language Models,Reject,5.75,2025,"[5.0, 6.0, 6.0, 6.0]",7.3,8,7,6,8
3b9cbe20-b9ee-453d-865b-87016ecf9811,iclr-molecules,Antibody DomainBed: Out-of-Distribution Generalization in Therapeutic Protein Design,Reject,5.5,2024,"[6.0, 6.0, 5.0, 5.0]",5.0,5,5,4,7
424c0edc-3ad7-4976-a151-9e1b1b8dac95,iclr-molecules,Mining Patents with Large Language Models Demonstrates Congruence of Functional Labels and Chemical Structures,Reject,5.5,2024,"[5.0, 6.0, 8.0, 3.0]",6.3,6,5,7,7
49684764-22d9-430f-839d-94e05123db07,iclr-molecules,Lift Your Molecules: Molecular Graph Generation in Latent Euclidean Space,Poster,6.5,2025,"[6.0, 8.0, 6.0, 6.0]",7.5,8,7,8,7.5
4ab668bf-4f28-44b4-a85b-3c8db16d753f,iclr-molecules,Pharmacophore-based design by learning on voxel grids,Reject,3.5,2025,"[3.0, 5.0, 3.0, 3.0]",5.5,6,5,4,7
4b5f0b97-1841-4b88-9b3e-cf604b34f697,iclr-molecules,Unified Generative Modeling of 3D Molecules with Bayesian Flow Networks,Oral,8.0,2024,"[8.0, 8.0, 8.0, 8.0]",7.2,7,7.5,7,8
50263ebe-b459-4a25-8172-512648a1fd69,iclr-molecules,UniMoT: Unified Molecule-Text Language Model with Discrete Token Representation,Reject,4.75,2025,"[5.0, 5.0, 6.0, 3.0]",7.1,7,6.5,7,8
53bf9cd5-9d77-4c5b-80d9-7b9bdcd7f9ca,iclr-molecules,Graph neural processes and their application to molecular functions,Reject,4.75,2024,"[5.0, 5.0, 6.0, 3.0]",5.5,6,6,5,7
71c4e7dc-5adb-4d9d-80f7-54f8b259c0ce,iclr-molecules,Saturn: Sample-efficient Generative Molecular Design using Memory Manipulation,Reject,5.0,2025,"[6.0, 6.0, 5.0, 5.0, 3.0]",7.2,7,8,6,8
7d30a9bc-6f09-4898-9118-b1025d3fb66b,iclr-molecules,DeFoG: Defogging Discrete Flow Matching for Graph Generation,Reject,5.0,2025,"[5.0, 6.0, 6.0, 3.0]",7.5,7,8,6,8
7d441867-0449-4bfa-a79a-1cb4823d8ae6,iclr-molecules,Self-supervised Pocket Pretraining via Protein Fragment-Surroundings Alignment,Poster,6.0,2024,"[6.0, 6.0, 6.0, 6.0]",7.8,8,7.5,8.5,8
7f78a3a1-2d03-4391-91d5-de9bd7e82711,iclr-molecules,EquiPocket: an E(3)-Equivariant Geometric Graph Neural Network for Ligand Binding Site Prediction,Reject,5.5,2024,"[6.0, 5.0, 6.0, 5.0]",6.3,6,6,6,7
81eec227-3a88-49af-aac8-7f4f1f537178,iclr-molecules,Can LLMs Generate Diverse Molecules? Towards Alignment with Structural Diversity,Reject,4.25,2025,"[3.0, 3.0, 8.0, 3.0]",6.4,7,6,6,7
884fcd58-ca15-4530-84a9-b1bacb0fb557,iclr-molecules,Geometric Representation Condition Improves Equivariant Molecule Generation,Reject,5.4,2025,"[6.0, 5.0, 5.0, 3.0, 8.0]",7.4,8,7,6.5,8
96454abb-083a-44bc-8f47-cd10efa2375a,iclr-molecules,Domain-Agnostic Molecular Generation with Chemical Feedback,Poster,7.0,2024,"[6.0, 8.0, 6.0, 8.0]",6.8,7,7,6,7
a21ee1ee-031f-4fd5-847c-1aa7b42875ec,iclr-molecules,MolStitch: Offline Multi-Objective Molecular Optimization with Molecular Stitching,Reject,4.8,2025,"[6.0, 3.0, 6.0, 6.0, 3.0]",6.5,7,7,6,7
a294d258-3332-49db-9e59-7178895e46bd,iclr-molecules,ProtComposer: Compositional Protein Structure Generation with 3D Ellipsoids,Oral,8.0,2025,"[8.0, 8.0, 8.0, 8.0]",7.2,7,7,8,8
a5f09929-7476-4e37-aa6b-4cbeb1b87925,iclr-molecules,Removing Biases from Molecular Representations via Information Maximization,Poster,6.5,2024,"[6.0, 6.0, 8.0, 6.0]",7.8,8,8,7,8
a9f490bc-9507-4f33-9b10-552df2c33920,iclr-molecules,Learning Molecular Representation in a Cell,Poster,5.75,2025,"[6.0, 8.0, 6.0, 3.0]",7.4,8,7,7,8
aa75e18e-8eb9-489d-842d-8573965c1202,iclr-molecules,DiffSim: Aligning Diffusion Model and Molecular Dynamics Simulation for Accurate Blind Docking,Reject,3.5,2024,"[3.0, 3.0, 5.0, 3.0]",5.8,7,5,6,6
aebfa11a-1d2d-4ca1-b216-c808df52c09a,iclr-molecules,Efficient Fine-Tuning of Single-Cell Foundation Models Enables Zero-Shot Molecular Perturbation Prediction,Reject,5.8,2025,"[6.0, 8.0, 6.0, 3.0, 6.0]",6.5,7,6,6,8
b77148d8-89d3-4420-91b1-659d252fae4c,iclr-molecules,Uncovering the Spectrum of Graph Generative Models: From One-Shot to Sequential,Reject,4.8,2024,"[5.0, 3.0, 6.0, 5.0, 5.0]",7.3,7.5,7.5,8,7.5
bbb12b81-1e74-4457-956d-b84341344659,iclr-molecules,BioBridge: Bridging Biomedical Foundation Models via Knowledge Graphs,Poster,7.0,2024,"[8.0, 6.0, 6.0, 8.0]",6.8,7,6,7,8
c09718da-d98c-4198-a67c-e295b13beef2,iclr-molecules,E(3)-equivariant models cannot learn chirality: Field-based molecular generation,Poster,6.75,2025,"[8.0, 6.0, 8.0, 5.0]",7.5,8,7.5,7.5,7.5
c559b547-a149-4fef-ac62-fd4353ab5833,iclr-molecules,Hierarchical Graph Latent Diffusion Model for Molecule Generation,Reject,5.25,2024,"[5.0, 8.0, 3.0, 5.0]",5.5,5,5,5,7
cd1072f6-81df-426b-ac41-f511bdaf4830,iclr-molecules,Beam Enumeration: Probabilistic Explainability For Sample Efficient Self-conditioned Molecular Design,Poster,6.75,2024,"[8.0, 8.0, 8.0, 3.0]",7.2,8,7,7,8
d1b4ddd6-4296-4bbc-a31a-67195340810d,iclr-molecules,CheapNet: Cross-attention on Hierarchical representations for Efficient protein-ligand binding Affinity Prediction,Poster,6.0,2025,"[5.0, 8.0, 5.0, 6.0, 6.0]",6.8,7,8,5.5,7.5
d2f447b2-c9da-43f9-a1b4-a1fcdeeb0d3e,iclr-molecules,Form follows Function: Text-to-Text Conditional Graph Generation based on Functional Requirements,Reject,4.5,2024,"[5.0, 3.0, 5.0, 5.0]",5.5,6,5,7,7
d7d750db-3fbd-41d2-93df-6473062aedfa,iclr-molecules,Plug-And-Play Controllable Graph Generation With Diffusion Models,Reject,5.75,2024,"[5.0, 6.0, 6.0, 6.0]",6.8,7,6,7,8
e92a8547-e141-4507-bf35-ca1b21c6477d,iclr-molecules,Steering 3D Molecule Generation in Data-Sparse Regions via Distributional Physical Priors,Reject,5.25,2025,"[6.0, 6.0, 3.0, 6.0]",7.2,7,7,8,7
ee524f48-8813-4db0-9b76-72ade671ffd1,iclr-molecules,Molecule Generation by Heterophilious Triple Flows,Reject,4.75,2024,"[5.0, 5.0, 3.0, 6.0]",4.5,4,4,6.5,6
f03170af-c08e-4d8a-93fd-f75b69cd6ad2,iclr-molecules,RapidDock: Unlocking Proteome-scale Molecular Docking,Reject,4.25,2025,"[6.0, 3.0, 5.0, 3.0]",6.0,7,5.5,6,7.5
f60833f8-deda-4a0f-9c35-b7aeba8e3801,iclr-molecules,Active Probabilistic Drug Discovery,Reject,2.5,2024,"[3.0, 3.0, 3.0, 1.0]",4.5,5,3,5,6
fe3ea0a4-bd70-4242-9cd4-8cce85605290,iclr-molecules,Prompt-based 3D Molecular Diffusion Models for  Structure-based Drug Design,Reject,3.75,2024,"[3.0, 6.0, 3.0, 3.0]",7.0,7,6.5,7,7.5
04e84efa-aded-4cb2-b425-314983619282,iclr-optimization,Efficient Continual Finite-Sum Minimization,Poster,6.25,2024,"[5.0, 6.0, 8.0, 6.0]",7.3,7,8,7,8
05970059-b0af-4e29-91c5-4a01ac598724,iclr-optimization,Optimization over Sparse Restricted Convex Sets via Two Steps Projection,Reject,5.0,2024,"[3.0, 3.0, 6.0, 8.0]",6.8,7,7,7,7
070c7d17-8e2c-4b9c-937c-f3970080f28c,iclr-optimization,Curriculum reinforcement learning for quantum architecture search under hardware errors,Poster,5.6,2024,"[6.0, 6.0, 6.0, 5.0, 5.0]",6.8,7,7,6,8
0d265d4c-145c-484e-877b-90ecf52e9e05,iclr-optimization,Iteration and Stochastic First-order Oracle Complexities of Stochastic Gradient Descent using Constant and Decaying Learning Rates,Reject,2.5,2024,"[1.0, 3.0, 3.0, 3.0]",4.2,4,5,3,6
133f0d35-9966-482e-94cb-0730d1cd9add,iclr-optimization,Critical Learning Periods Emerge Even in Deep Linear Networks,Spotlight,7.25,2024,"[5.0, 10.0, 6.0, 8.0]",7.2,7,8,7,8
15111220-2d8e-4b52-8b72-00ae773d8132,iclr-optimization,Revisiting High-Resolution ODEs for Faster Convergence Rates,Reject,3.75,2024,"[3.0, 1.0, 8.0, 3.0]",6.2,6,7,6,7
1fec9392-90e7-4f7c-81d8-d749d3d05aef,iclr-optimization,Leveraging Optimization for Adaptive Attacks on Image Watermarks,Poster,6.5,2024,"[6.0, 6.0, 8.0, 6.0]",7.8,9,7,7,8
24f472e3-4956-4c56-91b4-607db1737114,iclr-optimization,Corgi$^2$: A Hybrid Offline-Online Approach To Storage-Aware Data Shuffling For SGD,Reject,4.25,2024,"[5.0, 3.0, 3.0, 6.0]",5.5,6,5,4,7
2963fcb6-5548-4c70-894e-cd6b2cd7110c,iclr-optimization,Generalization Aware Minimization,Reject,4.8,2025,"[6.0, 6.0, 6.0, 3.0, 3.0]",5.3,5,4,6,7
2a8c5e54-f510-4df2-b191-090e7ca80984,iclr-optimization,Risk Quadrangle and Robust Optimization Based on $\varphi$-Divergence,Reject,3.0,2025,"[3.0, 3.0, 1.0, 5.0]",6.8,7,7,6,7
3cf18b76-4f2b-4bf3-9b7e-7c0d01715db1,iclr-optimization,Local Control Networks (LCNs): Optimizing Flexibility in Neural Network Data Pattern Capture,Reject,3.0,2025,"[5.0, 1.0, 3.0, 3.0]",4.0,4,3,3,6
4a435722-c0a4-42dc-a473-43a487733bce,iclr-optimization,Asymmetric Momentum: A Rethinking of Gradient Descent,Reject,3.0,2024,"[3.0, 3.0, 5.0, 1.0]",2.5,2,2,3,3
55c27004-30b5-41a4-b900-51b93aa3ff28,iclr-optimization,Median Clipping for Zeroth-order Non-Smooth Convex Optimization and Multi Arm Bandit Problem with Heavy-tailed Symmetric Noise,Reject,5.5,2025,"[6.0, 5.0, 6.0, 5.0]",7.1,7,7,7,7
56a73b4b-276d-451e-aecc-881be0a90e73,iclr-optimization,Improving Resistance to Noisy Label Fitting by Reweighting Gradient in SAM,Reject,5.2,2025,"[5.0, 5.0, 5.0, 5.0, 6.0]",6.2,6,6,6,7
58101563-29ee-4f94-95b0-e8ab3a987cdf,iclr-optimization,Three ways that non-differentiability affects neural network training,Reject,3.0,2024,"[3.0, 3.0, 3.0, 3.0]",4.5,5,4,3,6
5c4c3a54-c79e-41b2-bce3-f67b80a055e6,iclr-optimization,Cascaded Learned Bloom filter for Optimal Model-Filter Size Balance and Fast Rejection,Reject,3.25,2025,"[3.0, 6.0, 3.0, 1.0]",6.3,6,6,7,7
5cc28f4b-df94-4b77-859a-f1ed3a6610f2,iclr-optimization,Lion Secretly Solves a Constrained Optimization: As Lyapunov Predicts,Spotlight,7.5,2024,"[8.0, 8.0, 6.0, 8.0]",8.0,8,9,8,8
655c0d1a-4557-4c94-83da-6a8abdfd8123,iclr-optimization,Universal Concavity-Aware Descent Rate for Optimizers,Reject,3.8,2025,"[3.0, 5.0, 5.0, 3.0, 3.0]",4.8,5,5,6,6
6a81ebee-c790-41fe-848b-5e0e73a1b8af,iclr-optimization,Deep Reinforcement Learning Guided Improvement Heuristic for Job Shop Scheduling,Poster,7.5,2024,"[6.0, 8.0, 8.0, 8.0]",7.8,8,8,8,8
6bde1849-b7b6-4300-9625-9c8591b5d33b,iclr-optimization,Enhancing Optimizer Stability: Momentum Adaptation of NGN Step-size,Reject,6.0,2025,"[5.0, 6.0, 5.0, 8.0]",5.8,7,5,5,6
851f7743-6fc9-41e4-91bb-6a25d45a5a30,iclr-optimization,Accelerated training through iterative gradient propagation along the residual path,Oral,7.2,2025,"[6.0, 6.0, 8.0, 8.0, 8.0]",6.2,6,6,7,7
8868b4b7-fcc5-4caf-9d84-3f6737e5d6db,iclr-optimization,Exact linear-rate gradient descent: optimal adaptive stepsize theory and practical use,Reject,2.5,2025,"[3.0, 1.0, 5.0, 1.0]",5.0,4,6,4,7
8cd4c190-a1c4-4811-bc3f-5f62f2092b08,iclr-optimization,Generative modeling for RNA splicing code predictions and design,Reject,5.5,2024,"[5.0, 6.0, 6.0, 5.0]",5.5,7,5,6,6
9068b4a6-0919-42fa-8d15-6d54a57f41bc,iclr-optimization,On the Power of Multitask Representation Learning with Gradient Descent,Reject,5.25,2024,"[6.0, 6.0, 6.0, 3.0]",6.0,6,6,5,7
a0fb0b7a-5050-403c-b2eb-9d5a00ddd37d,iclr-optimization,"Lookbehind Optimizer: k steps back, 1 step forward",Reject,4.75,2024,"[8.0, 5.0, 3.0, 3.0]",6.0,6,5,6,7
a1f80ad2-ce57-4ff5-94b6-2bd9b0610382,iclr-optimization,Solving hidden monotone variational inequalities with surrogate losses,Poster,7.0,2025,"[8.0, 8.0, 6.0, 6.0]",7.3,8,7,7,8
a3d98f3a-6bd3-48b8-aea9-82d5f3f3b2be,iclr-optimization,Measurement Manipulation of the Matrix Sensing Problem to Improve Optimization Landscape,Reject,3.75,2025,"[3.0, 3.0, 6.0, 3.0]",5.5,6,5,6,7
aa82543d-4aa0-4ae0-a69d-bb29a2bcffb8,iclr-optimization,Convexifying Transformers: Improving optimization and understanding of transformer networks,Reject,5.0,2024,"[5.0, 5.0, 5.0, 5.0]",6.0,6,6,6,7
b15a2449-5775-445d-8212-4ba683f444b4,iclr-optimization,CoRe-GD: A Hierarchical Framework for Scalable Graph Visualization with GNNs,Poster,5.75,2024,"[5.0, 6.0, 6.0, 6.0]",7.2,7,7,7,8
bb27e872-bd93-431e-9d37-a2485b91ccc1,iclr-optimization,Type-II Saddles and Probabilistic Stability of Stochastic Gradient Descent,Reject,4.75,2025,"[3.0, 8.0, 5.0, 3.0]",7.8,8,7,8,8
bcda9641-8e71-441c-be78-accec314a570,iclr-optimization,Memory-Enhanced Neural Solvers for Efficient Adaptation in Combinatorial Optimization,Reject,3.5,2025,"[3.0, 3.0, 5.0, 3.0]",7.2,7,7,7,8
c05f134d-b3df-4262-8d0e-57ed85192de0,iclr-optimization,PABBO: Preferential Amortized Black-Box Optimization,Spotlight,7.4,2025,"[8.0, 8.0, 8.0, 8.0, 5.0]",6.8,7,6,7,8
c2195968-bca9-44e5-9ad6-79e139069f64,iclr-optimization,Output-Constrained Decision Trees,Reject,4.0,2025,"[3.0, 5.0, 3.0, 5.0]",4.5,5,4,5,7
cdf89b05-46cd-4fec-a76e-2ff6ad8c85ca,iclr-optimization,Can Reinforcement Learning Solve Asymmetric Combinatorial-Continuous Zero-Sum Games?,Poster,6.5,2025,"[6.0, 6.0, 8.0, 6.0]",6.8,7,6,7,7
d3376231-d733-489a-b98f-6be4d616184a,iclr-optimization,Criteria and Bias of Parameterized Linear Regression under Edge of Stability Regime,Reject,6.0,2025,"[8.0, 5.0, 5.0, 6.0]",6.5,7,6,7,7
d351fc8a-2a9f-475b-b5ac-fd036cad6192,iclr-optimization,Federated Optimization Algorithms with Random Reshuffling and Gradient Compression,Reject,5.75,2024,"[6.0, 5.0, 6.0, 6.0]",6.8,7,7,7,7
d394df18-8fdd-48ce-80a4-5d58a298d99c,iclr-optimization,Approximation algorithms for combinatorial optimization with predictions,Spotlight,7.5,2025,"[8.0, 8.0, 6.0, 8.0]",7.8,8,8,7,8
d59ecc15-911f-48e4-9931-43a09c8589ce,iclr-optimization,Solving Diverse Combinatorial Optimization Problems with a Unified Model,Reject,5.25,2025,"[6.0, 6.0, 3.0, 6.0]",6.2,7,5,7,7
e4529656-4da9-4d25-9065-e33b896d2e0a,iclr-optimization,Tensor Programs VI: Feature Learning in Infinite Depth Neural Networks,Poster,7.0,2024,"[8.0, 6.0, 5.0, 8.0, 8.0]",8.0,8,7,9,8
e9f76110-49e1-4e26-99fa-76162977630e,iclr-optimization,Near-Optimal Solutions of Constrained Learning Problems,Poster,5.8,2024,"[6.0, 3.0, 6.0, 8.0, 6.0]",7.5,8,7,8,8
f2b2cfe1-5ceb-448e-99e5-e9d9eb1317a7,iclr-optimization,Revisiting Zeroth-Order Optimization:  Minimum-Variance Two-Point Estimators and  Directionally Aligned Perturbations,Spotlight,6.8,2025,"[8.0, 6.0, 6.0, 6.0, 8.0]",6.7,7,6,7,7
f8844638-6eb5-443c-bce3-994c70ff1a91,iclr-optimization,Switch EMA: A Free Lunch for Better Flatness and Sharpness,Reject,5.5,2025,"[5.0, 8.0, 6.0, 3.0]",6.5,6,6,5,8
02cfebd2-ba99-45dc-8bdb-2194f7ae3347,iclr-ot,Adversarially Robust Deep Learning with Optimal-Transport-Regularized Divergences,Reject,4.5,2024,"[5.0, 5.0, 5.0, 3.0]",,,,,
08817e58-02a7-4802-971e-8a4105d1842c,iclr-ot,Diffeomorphic Mesh Deformation via Efficient Optimal Transport for Cortical Surface Reconstruction,Poster,7.0,2024,"[8.0, 8.0, 6.0, 6.0]",,,,,
14c77788-d14c-42fe-98ab-57b7c01fd4a2,iclr-ot,Disentangled Representation Learning with the Gromov-Monge Gap,Poster,5.5,2025,"[6.0, 6.0, 5.0, 5.0]",,,,,
216da0ed-23d8-440a-9328-da84682be483,iclr-ot,Risk Assessment and Statistical Significance in the Age of Foundation Models,Reject,5.166666666666667,2024,"[6.0, 5.0, 6.0, 5.0, 6.0, 3.0]",,,,,
22cee0f3-7e2c-4612-b70b-c696dbec3d64,iclr-ot,"A Semi-smooth, Self-shifting, and Singular Newton Method for Sparse Optimal Transport",Reject,4.8,2024,"[3.0, 6.0, 6.0, 3.0, 6.0]",,,,,
2be33fe3-1f1b-4d60-85b7-6566a3e3723f,iclr-ot,Get more for less: Principled Data Selection for Warming Up Fine-Tuning in LLMs,Poster,5.5,2024,"[6.0, 3.0, 5.0, 8.0]",,,,,
2d635ff4-f5be-4e13-ac3e-dc0871e8d12d,iclr-ot,Optimal Generative Cyclic Transport between Image and Text,Reject,5.5,2025,"[5.0, 6.0, 5.0, 6.0]",,,,,
2dd1da17-e90e-4b47-8e4a-f34b72ee9c1b,iclr-ot,SOLVING SCHRODINGER BRIDGE PROBLEM VIA STOCHASTIC ACTION MINIMIZATION,Reject,3.4,2024,"[3.0, 3.0, 3.0, 5.0, 3.0]",,,,,
2e3bd781-5250-47ab-9a8b-fbb4e69ad87c,iclr-ot,Linear Spherical Sliced Optimal Transport: A Fast Metric for Comparing Spherical Data,Spotlight,7.5,2025,"[8.0, 6.0, 10.0, 6.0]",,,,,
2f025925-f9c1-4a80-9723-4ef5b9e94ecc,iclr-ot,Calibrating Expressions of Certainty,Poster,6.25,2025,"[5.0, 6.0, 8.0, 6.0]",,,,,
408244c4-d7f5-4793-b683-e8c547f9c19d,iclr-ot,Provable optimal transport with transformers: The essence of depth and prompt engineering,Reject,5.25,2025,"[5.0, 5.0, 6.0, 5.0]",,,,,
40a10cfc-a35a-4cd0-8c8b-12c19a7e5ab2,iclr-ot,A Sinkhorn-type Algorithm for Constrained Optimal Transport,Reject,5.75,2025,"[6.0, 6.0, 8.0, 3.0]",,,,,
56e76f7e-a0f3-4ca8-bbf7-dc08b3b55389,iclr-ot,Projection Optimal Transport on Tree-Ordered Lines,Reject,6.0,2025,"[6.0, 5.0, 5.0, 8.0]",,,,,
5a471ba3-4533-4f44-943b-e2f5fe81797c,iclr-ot,Improving the Convergence of Dynamic NeRFs via Optimal Transport,Poster,6.0,2024,"[6.0, 6.0, 6.0, 6.0]",,,,,
603f44eb-bd38-4003-8660-ab1463a6cee1,iclr-ot,SEAL: Simultaneous Label Hierarchy Exploration And Learning,Reject,5.25,2024,"[5.0, 6.0, 5.0, 5.0]",,,,,
69e92d44-bb6f-414f-8c4c-a5f85028825b,iclr-ot,Solving (partial) unbalanced optimal transport via transform coefficients and beyond,Reject,2.6,2024,"[3.0, 3.0, 1.0, 3.0, 3.0]",,,,,
6b2d04a2-95a2-42c5-8f2c-33259a79e49a,iclr-ot,OTMatch: Improving Semi-Supervised Learning with Optimal Transport,Reject,4.0,2024,"[5.0, 5.0, 3.0, 3.0]",,,,,
73b98972-f808-4e59-b233-47e8dbe4da0b,iclr-ot,Optimal Transport-Based Domain Alignment as a Preprocessing Step for Federated Learning,Reject,4.5,2025,"[5.0, 5.0, 5.0, 3.0]",,,,,
751721d2-8baa-4d79-8c27-8f46b9abbaf9,iclr-ot,Distance-Based Tree-Sliced Wasserstein Distance,Poster,6.5,2025,"[8.0, 6.0, 6.0, 6.0]",,,,,
765b131d-2736-41ba-b21d-9a30240af947,iclr-ot,Annealing Flow Generative Model Towards Sampling High-Dimensional and Multi-Modal Distributions,Withdrawn,3.6,2025,"[6.0, 3.0, 3.0, 5.0, 1.0]",,,,,
77ed64b2-ae16-4014-b380-3baee2d7bb4b,iclr-ot,Bridging Vision and Language Spaces with Assignment Prediction,Poster,5.8,2024,"[8.0, 5.0, 6.0, 5.0, 5.0]",,,,,
7b70f319-839e-4255-8fe1-bbc936d64d26,iclr-ot,Neural Topic Modeling with Large Language Models in the Loop,Withdrawn,3.5,2025,"[5.0, 3.0, 3.0, 3.0]",,,,,
7d375572-8902-4c1b-b87d-31b101131f4d,iclr-ot,Regularized Distribution Matching Distillation for One-step Unpaired Image-to-Image Translation,Reject,4.0,2025,"[5.0, 5.0, 3.0, 3.0]",,,,,
7fb7a365-61e3-464e-988c-2a11ea77b078,iclr-ot,Sinkhorn Output Perturbations: Structured Pseudo-Label Noise in Semi-Supervised Segmentation,Reject,5.5,2024,"[5.0, 6.0, 6.0, 5.0]",,,,,
83778037-b40a-4995-b0a3-e5fc358f633e,iclr-ot,Towards Better Multi-head Attention via Channel-wise Sample Permutation,Withdrawn,4.25,2025,"[6.0, 5.0, 3.0, 3.0]",,,,,
85e7cafb-42f4-45c1-a2c7-4bd169d14b0a,iclr-ot,GeONet: a neural operator for learning the Wasserstein geodesic,Reject,5.0,2024,"[5.0, 3.0, 6.0, 6.0]",,,,,
8f1851be-a17a-4163-a351-b8e223721a48,iclr-ot,"Generalization, Expressivity, and Universality of Graph Neural Networks on Attributed Graphs",Poster,7.0,2025,"[8.0, 6.0, 6.0, 8.0]",,,,,
907d390d-4ad3-4a88-9fcc-1f1fa24c1c9d,iclr-ot,Aligning brain functions boosts the decoding of videos in novel subjects,Reject,4.25,2024,"[5.0, 6.0, 3.0, 3.0]",,,,,
90b2bb94-02ab-4d73-bbb4-dd33dabd0af4,iclr-ot,OTGM: Graph Matching with Noisy Correspondence via Optimal Transports,Withdrawn,5.5,2025,"[5.0, 5.0, 6.0, 6.0]",,,,,
914a04bf-e3dd-4e81-b5d3-2c3c8995b7c7,iclr-ot,Learning Structured Representations by Embedding Class Hierarchy with Fast Optimal Transport,Poster,6.6,2025,"[5.0, 6.0, 8.0, 6.0, 8.0]",,,,,
9479937a-59d6-40bd-8c60-be2508caa486,iclr-ot,OT-Attack: Enhancing Adversarial Transferability of Vision-Language Models via Optimal Transport Optimization,Withdrawn,6.0,2025,"[5.0, 8.0, 5.0, 6.0]",,,,,
96fb19ad-f6e5-43ae-a318-b8b27f4ce5f0,iclr-ot,ROBUST DIFFUSION GAN USING SEMI-UNBALANCED OPTIMAL TRANSPORT,Withdrawn,4.5,2024,"[5.0, 3.0, 5.0, 5.0]",,,,,
9797cad3-a5f2-4fbc-b78a-ede885c18a8f,iclr-ot,Learning Partial Graph Matching via Optimal Partial Transport,Poster,5.75,2025,"[6.0, 6.0, 5.0, 6.0]",,,,,
9ecde4b5-b01d-4cd2-bb5b-4d76e4b7e837,iclr-ot,MLOT: Extending the Bipartite Structure towards Multi-Layered Structure for Optimal Transport,Reject,4.25,2025,"[3.0, 3.0, 5.0, 6.0]",,,,,
a3a3e74b-6d70-4228-bd13-fa82480fd797,iclr-ot,Energy-Guided Continuous Entropic Barycenter Estimation for General Costs,Reject,6.25,2024,"[6.0, 8.0, 5.0, 6.0]",,,,,
ab0d0753-60b3-46de-aac4-1aed75d69413,iclr-ot,Unbalancedness in Neural Monge Maps Improves Unpaired Domain Translation,Poster,6.0,2024,"[6.0, 6.0, 6.0, 6.0]",,,,,
ab4fefd6-deaf-43d8-9376-23cc6c703b3a,iclr-ot,Transport meets Variational Inference: Controlled Monte Carlo Diffusions,Poster,7.2,2024,"[8.0, 8.0, 6.0, 8.0, 6.0]",,,,,
b048ff09-be53-4d30-8031-c17223592525,iclr-ot,Private Wasserstein Distance,Reject,5.0,2025,"[5.0, 6.0, 5.0, 6.0, 3.0]",,,,,
b087f4b5-5bf5-49ba-a996-43b1b46d1b82,iclr-ot,Partial Gromov-Wasserstein Metric,Poster,6.8,2025,"[6.0, 6.0, 6.0, 8.0, 8.0]",,,,,
b1c1774d-7ecc-472b-8ed8-4564c6cba692,iclr-ot,Moment Constrained Optimal Transport for Control Applications,Reject,3.5,2025,"[3.0, 3.0, 3.0, 3.0, 6.0, 3.0]",,,,,
b1c3f73f-dc6b-41f6-a28a-8d476c11267c,iclr-ot,Multi-Draft Speculative Sampling: Canonical Decomposition and Theoretical Limits,Spotlight,7.5,2025,"[8.0, 8.0, 8.0, 6.0]",,,,,
bc03f75e-25d1-4553-8b2c-dd95a382bbea,iclr-ot,Optimal Transport for Reducing Bias in Causal Inference without Data Splitting,Reject,5.5,2025,"[6.0, 5.0, 5.0, 6.0]",,,,,
c040eefa-3dcc-4d98-9498-7e3f867c444d,iclr-ot,Understanding deep neural networks through the lens of their non-linearity,Reject,5.0,2024,"[5.0, 5.0, 5.0, 5.0]",,,,,
c23e2a4d-d8b4-4083-a24c-942b3244dd0f,iclr-ot,Scalable Simulation-free Entropic Unbalanced Optimal Transport,Reject,5.6,2025,"[6.0, 5.0, 6.0, 5.0, 6.0]",,,,,
cb311021-f687-49b1-8c11-13915366c576,iclr-ot,Quasi-Monte Carlo for 3D Sliced Wasserstein,Spotlight,7.5,2024,"[8.0, 6.0, 8.0, 8.0]",,,,,
d0160865-0b43-4301-b5e3-ffae0bc6bfbf,iclr-ot,Adversarial Adaptive Sampling: Unify PINN and Optimal Transport for the Approximation of PDEs,Poster,7.25,2024,"[5.0, 6.0, 10.0, 8.0]",,,,,
d54b0f55-9de1-4bb9-820c-bb8bf621abb4,iclr-ot,Generative Entropic Neural Optimal Transport To Map Within and Across Space,Reject,6.0,2024,"[8.0, 5.0, 6.0, 5.0]",,,,,
d5c3f87a-5866-464b-b07b-235244306428,iclr-ot,A Prototype-oriented Fast Refinement Model for Few-shot Industrial Anomaly Detection,Reject,5.5,2025,"[5.0, 6.0, 6.0, 5.0]",,,,,
de059257-2fe1-4a56-9708-3f3cc2834721,iclr-ot,Sliced Wasserstein Estimation with Control Variates,Poster,6.5,2024,"[8.0, 6.0, 6.0, 6.0]",,,,,
e3e1b29b-734d-49ae-90ad-6c9767372df0,iclr-ot,Neural Optimal Transport with General Cost Functionals,Poster,6.0,2024,"[6.0, 6.0, 6.0, 6.0]",,,,,
fe24ddf3-662f-4908-a82a-bca5ed210581,iclr-ot,Posterior-Mean Rectified Flow: Towards Minimum MSE Photo-Realistic Image Restoration,Poster,7.0,2025,"[8.0, 6.0, 8.0, 6.0]",,,,,
ff651a73-90f0-4b21-b24d-bc00bcbb446a,iclr-ot,Uncovering Challenges of Solving the Continuous Gromov-Wasserstein Problem,Reject,6.2,2025,"[6.0, 5.0, 6.0, 8.0, 6.0]",,,,,
01c76e11-9d79-4266-9652-eb77da7f4c92,iclr-pdes,Two-timescale Extragradient for Finding Local Minimax Points,Poster,7.0,2024,"[6.0, 8.0, 8.0, 6.0]",7.8,8,9,8,7
0418814e-8303-4476-8ac6-33fa7b9b652f,iclr-pdes,Temporal Test-Time Adaptation with State-Space Models,Reject,4.5,2025,"[6.0, 3.0, 3.0, 6.0]",7.2,7,7,7,8
05ba7926-e801-4346-b534-de2f4ba31a88,iclr-pdes,No Equations Needed: Learning System Dynamics Without Relying on Closed-Form ODEs,Poster,6.5,2025,"[8.0, 6.0, 6.0, 6.0]",6.5,6,6,8,7
05e48420-b361-47a1-b857-05381f6b33ba,iclr-pdes,Spectral learning of shared dynamics between generalized-linear processes,Reject,6.8,2024,"[6.0, 6.0, 8.0, 8.0, 6.0]",6.8,7,7,7,7
0994d4fe-76bf-4375-aa74-0bbe0b889063,iclr-pdes,Pseudo Physics-Informed Neural Operators,Reject,4.333333333333333,2025,"[3.0, 6.0, 3.0, 5.0, 6.0, 3.0]",7.0,7,6,8,7
0be69d30-0630-44c2-86ae-1b3bb10b84d9,iclr-pdes,Signature Kernel Conditional Independence Tests in Causal Discovery for Stochastic Processes,Spotlight,8.0,2025,"[8.0, 6.0, 10.0, 8.0]",8.2,9,8,8,8
0d4cef04-9d35-4172-9e50-358843c6f143,iclr-pdes,A New Look at Low-Rank Recurrent Neural Networks,Reject,5.25,2025,"[3.0, 6.0, 6.0, 6.0]",6.3,6,6,6,7
0f3a6e99-43a7-40d1-802c-241278375515,iclr-pdes,PICL: Incorporating Coarse-Grained Data and Physics Information for Superior Physical Systems Modeling,Reject,4.0,2024,"[5.0, 3.0, 5.0, 3.0]",6.5,7,6,6,7
1440cbc1-76e1-4daa-bb53-5a8de5ad43f3,iclr-pdes,Learning from Linear Algebra: A Graph Neural Network Approach to Preconditioner Design for Conjugate Gradient Solvers,Reject,4.75,2025,"[3.0, 5.0, 6.0, 5.0]",5.8,6,5,6,7
15c32bae-8dbe-4c1e-b8e3-8acceaf2e13b,iclr-pdes,Learning An Efficient-And-Rigorous Neural Multigrid Solver,Reject,4.25,2024,"[3.0, 6.0, 3.0, 5.0]",6.8,7,6,6,8
1880dca7-3d43-4e58-96cb-e9ba23029f21,iclr-pdes,OS-net: Orbitally Stable Neural Networks,Reject,3.5,2024,"[5.0, 3.0, 3.0, 3.0]",4.8,5,4,6,6
18eb9ddf-b25b-4d90-932d-a214b2a1c94d,iclr-pdes,AC-PKAN: Attention-Enhanced and Chebyshev Polynomial-Based Physics-Informed Kolmogorov–Arnold Networks,Reject,6.25,2025,"[8.0, 6.0, 6.0, 5.0]",5.8,6,5,6,7
1964cc12-a602-4b00-87bc-1c8a4797aba0,iclr-pdes,"Tight Stability, Convergence, and Robustness Bounds for Predictive Coding Networks",Reject,4.0,2025,"[5.0, 5.0, 3.0, 3.0]",3.8,5,2,4,5
1bcbb454-6fb0-4fbf-a643-f72c78fb3259,iclr-pdes,Representation of solutions of second-order linear equations in Barron space via Green's functions,Reject,5.6,2025,"[6.0, 5.0, 6.0, 6.0, 5.0]",6.8,7,7,6,8
2a99cfa8-f27d-4fcc-886a-49443d565e1e,iclr-pdes,Scaling physics-informed hard constraints with mixture-of-experts,Poster,6.0,2024,"[6.0, 6.0, 6.0, 6.0, 6.0]",6.5,7,6,6,7
2f6a4b9b-76be-4ae6-bf1c-0d5945f5a1ac,iclr-pdes,Synthetic Datasets for Machine Learning on Spatio-Temporal Graphs using PDEs,Reject,5.0,2025,"[8.0, 3.0, 3.0, 6.0]",4.2,5,3,4,4
34e42989-cb24-49c5-b6fc-7b42fe897ea8,iclr-pdes,Compositional Generative Inverse Design,Spotlight,7.0,2024,"[6.0, 6.0, 8.0, 8.0]",7.0,7,7,7,7
45099ede-ed50-4da1-b67b-e85c4b5eec7d,iclr-pdes,Turbulent Flow Simulation using Autoregressive Conditional Diffusion Models,Reject,5.0,2024,"[5.0, 5.0, 5.0, 5.0]",7.4,8,8,6,8
47ee9ee6-3728-4786-880f-5681d8aee9a3,iclr-pdes,On the Benefits of Memory for Modeling Time-Dependent PDEs,Oral,7.5,2025,"[8.0, 8.0, 6.0, 8.0]",7.3,8,7,6,8
487eb119-2b9b-4555-974b-46eb69912a5c,iclr-pdes,Interpretable Neural ODEs for Gene Regulatory Network Discovery under Perturbations,Reject,4.5,2025,"[5.0, 5.0, 5.0, 3.0]",6.8,7,6,7,7
4ba4aeaa-198e-4e2a-8d5c-c2a07decec4d,iclr-pdes,Improved Operator Learning by Orthogonal Attention,Reject,5.75,2024,"[6.0, 6.0, 5.0, 6.0]",6.8,7,6,7,7
4cb3e56d-4c19-4875-8a0f-25f20bf1b579,iclr-pdes,Neural Spectral Methods: Self-supervised learning in the spectral domain,Poster,6.75,2024,"[3.0, 8.0, 8.0, 8.0]",7.8,8,7,7,8
4f62a2bb-4509-4a36-bfec-ef4df7914f22,iclr-pdes,Text2PDE: Latent Diffusion Models for Accessible Physics Simulation,Poster,5.333333333333333,2025,"[6.0, 5.0, 6.0, 6.0, 6.0, 3.0]",6.8,7,6,7,7
52894244-d11a-47eb-a946-b8124f8873d4,iclr-pdes,Gradient-Free Generation for Hard-Constrained Systems,Poster,5.4,2025,"[6.0, 6.0, 5.0, 5.0, 5.0]",7.2,7,7,7,8
532d0cf2-782d-4fa6-aede-0537c1d509ba,iclr-pdes,Solving Differential Equations with Constrained Learning,Poster,5.25,2025,"[3.0, 8.0, 5.0, 5.0]",7.8,8,7,8,8
55f877b1-eee0-466f-9224-a0fde9f56d6c,iclr-pdes,SimDiffPDE: Simple Diffusion Baselines for Solving Partial Differential Equations,Reject,4.0,2025,"[3.0, 5.0, 3.0, 5.0]",6.5,7,6,5,8
58021f0d-0e4c-4389-b6db-1c7525d7d8dc,iclr-pdes,Reconstruct the Understanding of Grokking through Dynamical Systems,Reject,2.0,2025,"[1.0, 1.0, 5.0, 1.0]",4.5,5,3,6,4
5bf19b49-6b84-409f-9775-ce4dca292e7e,iclr-pdes,Lie Algebra Canonicalization: Equivariant Neural Operators under arbitrary Lie Groups,Poster,6.5,2025,"[6.0, 8.0, 6.0, 6.0]",7.8,8,7,8,7
5ee89b2f-c23c-42bc-8352-d299e4270d3a,iclr-pdes,Efficient Physics-Constrained Diffusion Models for Solving Inverse Problems,Reject,3.6,2025,"[3.0, 6.0, 3.0, 5.0, 1.0]",7.2,8,6,7,8
67086ab2-c4ab-494d-814f-4757792af67f,iclr-pdes,Zebra: In-Context and Generative Pretraining for Solving Parametric PDEs,Reject,5.6,2025,"[8.0, 6.0, 3.0, 6.0, 5.0]",6.8,7,6,7,8
68b2717c-da67-4911-92d9-b3326191707d,iclr-pdes,Learning Spatiotemporal Dynamical Systems from Point Process Observations,Spotlight,7.5,2025,"[8.0, 6.0, 8.0, 8.0]",6.5,7,6,6,8
6f26def7-920f-41dc-8781-bf755a488f29,iclr-pdes,Second-Order Algorithms for Finding Local Nash Equilibria in Zero-Sum Games,Reject,6.25,2025,"[8.0, 6.0, 5.0, 6.0]",6.5,7,6,7,7
70f5bcf3-88a5-4b3c-8034-9a7d12e5f440,iclr-pdes,Point-Calibrated Spectral Neural Operators,Reject,5.5,2025,"[6.0, 6.0, 5.0, 5.0]",7.2,7,7,7,8
71eb8fa6-c2b4-495f-9fe9-97156942d336,iclr-pdes,Identifying latent state transitions in non-linear dynamical systems,Poster,6.5,2025,"[6.0, 8.0, 6.0, 6.0]",7.2,7,7,7,8
7ad9c948-6737-475f-845e-2af3c7d49397,iclr-pdes,Learning Chaos In A Linear Way,Poster,6.25,2025,"[5.0, 6.0, 6.0, 8.0]",7.0,7,7,7,7
7e82a497-9e73-4362-92fe-713ebad5fc56,iclr-pdes,Long-time asymptotics of noisy SVGD outside the population limit,Poster,6.0,2025,"[5.0, 5.0, 8.0, 6.0]",7.2,8,7,7,7
7f435d19-3021-4fe5-915e-4c411dfadd1d,iclr-pdes,Cohesion: Coherence-Based Diffusion for Long-Range Dynamics Forecasting,Reject,3.8,2025,"[5.0, 3.0, 3.0, 5.0, 3.0]",7.2,7,6,8,8
7fb5a3f8-7ebf-4bee-bcb1-c6bb49f18f90,iclr-pdes,Let's do the time-warp-attend: Learning topological invariants of dynamical systems,Poster,5.25,2024,"[6.0, 6.0, 3.0, 6.0]",7.5,8,7,8,8
7fd654ba-3888-4c48-a2b8-0bf6e249f244,iclr-pdes,Dynamic Mode Decomposition-inspired Autoencoders for Reduced-order Modeling and Control of PDEs : Theory and Design,Reject,6.0,2024,"[6.0, 6.0, 6.0, 6.0]",5.8,6,6,6,7
84977cf0-39bb-452b-a2e4-aff5f4b4414d,iclr-pdes,Scalable Mechanistic Neural Networks,Poster,6.5,2025,"[6.0, 6.0, 8.0, 6.0]",6.3,6,8,5,8
85da9c5e-e14c-4dca-8c5b-3188a47e96a2,iclr-pdes,Learning semilinear neural operators: A unified recursive framework for prediction and data assimilation.,Poster,6.5,2024,"[8.0, 5.0, 8.0, 5.0]",7.5,8,7,8,8
893178cc-95c9-4e4a-a1ac-d068b1ba3c54,iclr-pdes,Layer-Varying Deep Reservoir Computing Architecture,Reject,4.6,2025,"[5.0, 3.0, 5.0, 5.0, 5.0]",5.8,5,6,6,7
895b944a-df24-49d8-854c-19eecd0c5228,iclr-pdes,PhysPDE: Rethinking PDE Discovery and a Physical Hypothesis Selection Benchmark,Poster,6.5,2025,"[6.0, 6.0, 6.0, 8.0]",6.5,7,5,7,7
95a7eb1d-74c8-4a72-99cb-9e7e9d5a5719,iclr-pdes,Sinc Kolmogorov-Arnold Network and Its Applications on Physics-informed Neural Networks,Reject,5.5,2025,"[5.0, 5.0, 6.0, 6.0]",5.5,6,5,5,7
9625e84f-0efc-410d-8d31-b5a639b0a2ed,iclr-pdes,Learning Interpretable Hierarchical Dynamical Systems Models from Time Series Data,Poster,5.75,2025,"[6.0, 8.0, 1.0, 8.0]",7.5,8,7,7,8
97984ac4-ee13-4cfd-8c50-40f03926fbf2,iclr-pdes,Quantitative Approximation for Neural Operators in Nonlinear Parabolic Equations,Poster,6.0,2025,"[5.0, 8.0, 6.0, 5.0]",7.2,7,8,7,7
9c6c1931-a8bc-4da9-8701-74bb71ff1e69,iclr-pdes,Neural functional a posteriori error estimates,Reject,5.75,2024,"[3.0, 8.0, 6.0, 6.0]",7.8,9,7,8,8
a00b9b11-e019-4e3a-a151-7c2ccf2c246d,iclr-pdes,From discrete-time policies to continuous-time diffusion samplers: Asymptotic equivalences and faster training,Reject,5.25,2025,"[5.0, 5.0, 5.0, 6.0]",7.8,8,8,7,8
a6971f1d-c50a-4e0e-a440-bdf676471b49,iclr-pdes,Linking Finite-Time Lyapunov Exponents to RNN Gradient Subspaces and Input Sensitivity,Reject,4.5,2024,"[5.0, 3.0, 5.0, 5.0]",5.5,5,5,6,7
a7097c9a-586b-4f2d-9830-126a33d1d17c,iclr-pdes,CViT: Continuous Vision Transformer for Operator Learning,Poster,6.8,2025,"[6.0, 8.0, 8.0, 6.0, 6.0]",7.2,7,7,7,8
a7fa34a1-1dea-435b-a13d-22225df4b568,iclr-pdes,BiLO: Bilevel Local Operator Learning for PDE inverse problems,Reject,6.0,2025,"[6.0, 6.0, 6.0, 6.0]",7.5,8,7,7,8
a8bd422f-98e4-4a8a-9bc0-8fdfd02f3d6b,iclr-pdes,Derivatives Are All You Need For Learning Physical Models,Reject,2.5,2025,"[3.0, 3.0, 3.0, 1.0]",6.2,6,7,5,7
aa48edcb-232b-4941-bcbb-c50103754f3a,iclr-pdes,Learnability of Discrete Dynamical Systems under High Classification Noise,Reject,4.75,2025,"[6.0, 5.0, 3.0, 5.0]",7.2,7,8,7,8
acb27cfd-d85a-483e-86d1-d695a4bbf4ab,iclr-pdes,Investigating the Ability of PINNs To Solve Burgers' PDE Near Finite-Time BlowUp,Reject,5.0,2024,"[3.0, 5.0, 6.0, 6.0]",5.5,5,6,7,7
b5e0a788-bb6d-4ae0-bdef-fcd25bc8c38d,iclr-pdes,Wavelet Diffusion Neural Operator,Poster,6.8,2025,"[6.0, 8.0, 6.0, 6.0, 8.0]",7.3,7.5,7.5,6.5,8
b7959276-cc68-4b2c-9f7e-6b68b4be79a1,iclr-pdes,Modeling state-dependent communication between brain regions with switching nonlinear dynamical systems,Poster,5.8,2024,"[6.0, 6.0, 6.0, 6.0, 5.0]",7.5,8,7,7,7
c20c52c3-e5ac-4930-b054-9ac73b529ad8,iclr-pdes,ANaGRAM: A Natural Gradient Relative to Adapted Model for efficient PINNs learning,Poster,5.2,2025,"[6.0, 8.0, 6.0, 3.0, 3.0]",7.3,7,8,7,8
c853b97a-201f-4b59-8593-a39fd9754cd3,iclr-pdes,Designing Long-term Group Fair Policies in Dynamical Systems,Reject,3.5,2024,"[3.0, 3.0, 5.0, 3.0]",5.8,6,5,6,7
cba61226-6250-4434-90b8-f4127eaa2554,iclr-pdes,From Zero to Turbulence: Generative Modeling for 3D Flow Simulation,Poster,6.75,2024,"[6.0, 5.0, 8.0, 8.0]",7.2,8,6.5,8,8
cc39e1ad-1c8c-4882-ba6b-d08d1f26a591,iclr-pdes,Physics-Guided Learning of Meteorological Dynamics for Weather Forecasting and Downscaling,Reject,4.25,2024,"[5.0, 3.0, 3.0, 6.0]",5.2,5,4,6,6
cd9caa47-9bbf-42ef-9a2e-65b21579fda3,iclr-pdes,Spectral-Refiner: Accurate Fine-Tuning of Spatiotemporal Fourier Neural Operator for Turbulent Flows,Poster,6.0,2025,"[5.0, 6.0, 5.0, 8.0]",7.8,8,9,8,6
d046ee2e-690a-49b9-92f6-a9f3f8eda4c4,iclr-pdes,TANGO: Time-Reversal Latent GraphODE for Multi-Agent Dynamical Systems,Reject,5.25,2024,"[3.0, 5.0, 5.0, 8.0]",6.5,6,7,6,7
d14d49ec-82c0-4ab3-b663-2c767cf00536,iclr-pdes,GridMix: Exploring Spatial Modulation for Neural Fields in PDE Modeling,Oral,8.0,2025,"[8.0, 8.0, 8.0, 8.0]",6.8,7,7,6,7.5
d2cb3b7a-9f49-4cea-a41f-d0486069aba6,iclr-pdes,Physics Informed Neurally Constructed ODE Networks (PINeCONes),Reject,3.6,2024,"[3.0, 3.0, 3.0, 6.0, 3.0]",4.5,5,3,6,7
d6f4dc6e-78af-4b34-9a57-b090a42d6a3d,iclr-pdes,Learning interpretable control inputs and dynamics underlying animal locomotion,Poster,5.75,2024,"[6.0, 5.0, 6.0, 6.0]",6.8,7,7,6,7
d86db896-7498-453d-88a8-b5cb66c9f5bf,iclr-pdes,ConDiff: A Challenging Dataset for Neural Solvers of Partial Differential Equations,Reject,3.0,2025,"[3.0, 3.0, 3.0, 3.0]",5.5,6,5,5,7
dda3ed6a-17bc-4371-8834-3ee48468955e,iclr-pdes,Learning invariant representations of time-homogeneous stochastic dynamical systems,Poster,6.0,2024,"[6.0, 6.0, 6.0, 6.0]",7.5,8,7,7,8
de68816d-e08c-493e-8e86-b9f0add50704,iclr-pdes,A Neural-preconditioned Poisson Solver for Mixed Dirichlet and Neumann Boundary Conditions,Reject,5.25,2024,"[6.0, 5.0, 5.0, 5.0]",7.5,7,8,7,8
de7bcdcb-fe21-40ec-ab98-0cfef38bb849,iclr-pdes,Tensor-GaLore: Memory-Efficient Training via Gradient Tensor Decomposition,Reject,5.25,2025,"[5.0, 5.0, 5.0, 6.0]",5.2,5,5,4,7
e2f169ce-b3b5-49b9-b052-b2bed5b2537f,iclr-pdes,Spectral Shaping for Neural PDE Surrogates,Reject,5.0,2025,"[5.0, 5.0, 5.0, 5.0]",7.2,7,7,7,8
e4a54b9e-aa37-4951-b9cc-d7f66deed0dc,iclr-pdes,PDE-Diffusion: Physic guided diffusion model for solving partial derivative equations,Reject,2.2,2024,"[1.0, 1.0, 3.0, 3.0, 3.0]",2.5,4,1,5,3
e6cef73d-dc6d-4385-b6bf-60980ca73768,iclr-pdes,Stateful Dynamics for Training of Binary Activation Recurrent Networks,Reject,4.25,2025,"[3.0, 3.0, 8.0, 3.0]",5.5,5,6,5,7
eb6f84c9-4e21-4828-8e09-7f89faf6fd8e,iclr-pdes,Graph Fourier Neural Kernels (G-FuNK): Learning Solutions of Nonlinear Diffusive Parametric PDEs on Multiple Domains,Reject,4.75,2025,"[3.0, 3.0, 5.0, 8.0]",6.8,7,6,8,7
ebf4932c-f19e-4a3f-a614-feaf35e64e90,iclr-pdes,Zero-shot Imputation with Foundation Inference Models for Dynamical Systems,Poster,6.25,2025,"[5.0, 8.0, 6.0, 6.0]",7.5,8,7,8,7
edf6ea81-47f2-4991-a445-3e52267b88ea,iclr-pdes,Provably Accurate ODE Forecasting Through Explicit Trajectory Optimization,Reject,3.5,2024,"[3.0, 3.0, 5.0, 3.0]",5.8,6,6,6,7
f1ec67dc-c3a6-4873-b55b-7d4ee76abe03,iclr-pdes,FLOOD SIMULATION WITH PHYSICS-INFORMED MESSAGE PASSING,Reject,4.5,2024,"[3.0, 5.0, 5.0, 5.0]",5.8,6,5,6,7
f2815a8a-7ff5-4639-af9e-66fc2220dca3,iclr-pdes,Investigating the chaotic dynamics produced by deep reinforcement learning controllers,Reject,3.75,2024,"[3.0, 6.0, 3.0, 3.0]",4.0,5,3,5,6
f7a38ef2-c61b-42ef-8053-c31d33f92216,iclr-pdes,SineNet: Learning Temporal Dynamics in Time-Dependent Partial Differential Equations,Poster,6.5,2024,"[6.0, 6.0, 6.0, 8.0]",7.2,7,7,7,8
f7be0f13-8df9-4556-b153-30a077d7813d,iclr-pdes,In-Context Neural PDE: Learning to Adapt a Neural Solver to Different Physics,Reject,3.4,2025,"[3.0, 3.0, 3.0, 5.0, 3.0]",6.8,7,6,7,8
fbc7da43-5e80-4c95-9705-9ddb8e82f329,iclr-pdes,PIMRL: Physics-Informed Multi-Scale Recurrent Learning for Spatiotemporal Prediction,Reject,6.25,2025,"[8.0, 5.0, 6.0, 6.0]",5.5,6,5,5,7
01322599-2216-4846-8ca1-c097edae81ac,iclr-protein,Equivariant Protein Multi-task Learning,Reject,4.0,2024,"[3.0, 3.0, 5.0, 5.0]",6.5,7,5,6,8
02a21d9c-49b5-493c-a70c-5b7a43fae0b2,iclr-protein,Structure-Enhanced Protein Instruction Tuning: Towards General-Purpose Protein Understanding,Reject,6.25,2025,"[8.0, 6.0, 6.0, 5.0]",6.5,7,5,6,7
0ce7a1c2-649a-4923-9813-54fab75539ac,iclr-protein,Disconnecting The Dots: Creating Leakage-Free Protein Datasets by Removal of Densely Connected Data Points,Reject,3.5,2025,"[5.0, 3.0, 3.0, 3.0]",7.2,8,6,7,8
0ffebc3a-4dd4-4db2-a7d7-500398a8308b,iclr-protein,Structure Language Models for Protein Conformation Generation,Poster,7.0,2025,"[8.0, 6.0, 8.0, 6.0]",7.5,8,7,8,8
14a2047d-c213-45ba-9899-0f873a60b1c0,iclr-protein,Fine-Tuning Discrete Diffusion Models via Reward Optimization with Applications to DNA and Protein Design,Poster,6.0,2025,"[6.0, 6.0, 6.0, 6.0]",7.8,8,8,7,8
14d01d1a-2491-47e8-8dfb-12efb2a6dba1,iclr-protein,Protein-Ligand Interaction Prior for Binding-aware 3D Molecule Diffusion Models,Poster,6.25,2024,"[6.0, 8.0, 5.0, 6.0]",7.3,7,7,8,7
15db6ca4-da07-42f7-b631-0e6baed965ad,iclr-protein,ProteinBench: A Holistic Evaluation of Protein Foundation Models,Poster,6.5,2025,"[8.0, 6.0, 6.0, 6.0]",7.2,8,7,6,8
1707b29e-8994-42ba-82bf-faf6266a5ec8,iclr-protein,SE(3)-Stochastic Flow Matching for Protein Backbone Generation,Spotlight,8.0,2024,"[8.0, 8.0, 8.0, 8.0]",7.5,8,7,8,8
186c90ca-827f-4453-b729-600101a7875a,iclr-protein,EVA: Geometric Inverse Design for Fast Protein Motif-Scaffolding with Coupled Flow,Poster,6.0,2025,"[6.0, 6.0, 6.0, 6.0, 6.0, 6.0]",7.5,8,7,7.5,8
18a9f331-6b50-421c-b5a4-ade16a5e6bd7,iclr-protein,Generating All-Atom Protein Structure from Sequence-Only Training Data,Reject,5.5,2025,"[5.0, 6.0, 5.0, 6.0]",7.2,8,6.5,8.5,8
28df15f8-1113-4e07-b450-ce7c9820055a,iclr-protein,Learning the Language of Protein Structure,Reject,5.5,2025,"[6.0, 5.0, 8.0, 3.0]",6.0,7,5,5,7
2c79ad2f-d3e8-4e7e-9628-48beabb0374f,iclr-protein,DockGame: Cooperative Games for Multimeric Rigid Protein Docking,Reject,3.5,2024,"[5.0, 3.0, 3.0, 3.0]",5.8,6,5,7,7
31647bec-5695-41c7-beeb-a465d451d150,iclr-protein,ProteinWeaver: A Divide-and-Assembly Approach for Protein Backbone Design,Desk Rejected,4.2,2025,"[3.0, 3.0, 6.0, 6.0, 3.0]",6.8,7,6.5,7,7.5
3a1d5434-25ff-47b2-b55c-ec8a74e6d772,iclr-protein,CBGBench: Fill in the Blank of Protein-Molecule Complex Binding Graph,Spotlight,7.4,2025,"[8.0, 8.0, 8.0, 5.0, 8.0]",7.2,8,7,6,8
3f2b8ff8-df36-4afb-b4bc-625dd3d331f2,iclr-protein,Hierarchical Protein Backbone Generation with Latent and Structure Diffusion,Reject,4.25,2025,"[6.0, 3.0, 5.0, 3.0]",6.0,6,6,6,7
4837b611-1013-4e1c-ac00-6a6cc6d67459,iclr-protein,Learning to design protein-protein interactions with enhanced generalization,Poster,5.8,2024,"[6.0, 8.0, 6.0, 6.0, 3.0]",7.8,8,8,7.5,8
4aac789b-28d4-4e36-8af1-4a6b6d605d72,iclr-protein,Str2Str: A Score-based Framework for Zero-shot Protein Conformation Sampling,Poster,6.0,2024,"[6.0, 6.0, 6.0, 6.0]",6.8,7,6,8,7
58fd8173-65b7-4708-9373-f9960b88609b,iclr-protein,STELLA: Leveraging Structural Representations to Enhance Protein Understanding with Multimodal LLMs,Reject,5.833333333333333,2025,"[3.0, 5.0, 10.0, 3.0, 8.0, 6.0]",4.5,5,4,3,6
6509f76e-1d61-426b-bd96-9e68bbed0d18,iclr-protein,Towards Robust Evaluation of Protein Generative Models: A Systematic Analysis of Metrics,Reject,3.0,2025,"[5.0, 3.0, 1.0, 3.0]",5.5,6,5,4,7
66ddeba6-fb62-4c8e-96dc-526ad39f0003,iclr-protein,Steering Protein Family Design through Profile Bayesian Flow,Oral,7.5,2025,"[6.0, 8.0, 8.0, 8.0]",6.8,7,7,6,8
67e776d9-e05b-44e5-b9dc-ed4c190aeb4b,iclr-protein,Protein Language Model Fitness is a Matter of Preference,Poster,7.0,2025,"[8.0, 6.0, 8.0, 6.0]",7.2,7,7,6,8
680208df-55bd-456d-8e34-4ea122c7e7a6,iclr-protein,CypST: Improving Cytochrome P450 Substrates Prediction with Fine-Tuned Protein Language Model and Graph Attention Network,Withdrawn,2.0,2025,"[1.0, 3.0, 1.0, 3.0]",4.0,5,3,3,4
768a9f90-bf22-46db-add4-3cc9eb05e5ea,iclr-protein,Boltzmann-Aligned Inverse Folding Model as a Predictor of Mutational Effects on Protein-Protein Interactions,Spotlight,7.5,2025,"[6.0, 10.0, 6.0, 8.0]",7.3,7,7,7,8
8000daaa-a016-4bbc-bfa6-7ff31d129948,iclr-protein,Recombination Flow Matching Model for Protein Evolution,Reject,5.5,2025,"[8.0, 8.0, 6.0, 5.0, 3.0, 3.0]",4.5,5,3,6,6
806eabee-b486-4cb6-ad55-8e183c0da5b4,iclr-protein,PROTEIN DESIGNER BASED ON SEQUENCE PROFILE USING ULTRAFAST SHAPE RECOGNITION,Withdrawn,4.5,2024,"[5.0, 5.0, 5.0, 3.0]",5.5,6,5,6,6
808d40f9-7c1c-43ca-a39b-1b56dca41b9b,iclr-protein,Bridging Sequence and Structure: Latent Diffusion for Conditional Protein Generation,Reject,5.0,2024,"[8.0, 6.0, 3.0, 3.0]",6.0,7,5,7,7
8692a6e7-5210-4ff6-a8dd-f0ac9b2e06db,iclr-protein,Comparing Protein Language Models Using Remote Homology Detection for Phages,Withdrawn,3.0,2025,"[3.0, 3.0, 3.0, 3.0]",3.5,3,3,2,5
8cc12bd0-f073-420a-9430-fecb11cd5889,iclr-protein,NL2ProGPT: Taming Large Language Model for Conversational Protein Design,Reject,4.5,2024,"[5.0, 5.0, 5.0, 3.0]",4.5,5,4,5,6
8f3a7332-f8a4-4e97-a961-c6fee0819f33,iclr-protein,Antibody DomainBed: Out-of-Distribution Generalization in Therapeutic Protein Design,Reject,5.5,2024,"[6.0, 6.0, 5.0, 5.0]",5.5,6,5,5,7
93cfe08d-c452-457b-bdf3-68a406c8d2de,iclr-protein,Fast Uncovering of Protein Sequence Diversity from Structure,Spotlight,7.25,2025,"[8.0, 8.0, 5.0, 8.0]",6.8,7,6,7,8
96a2da15-c5c5-4945-97b4-c8e25629bac3,iclr-protein,Metalic: Meta-Learning In-Context with Protein Language Models,Poster,6.25,2025,"[8.0, 6.0, 6.0, 5.0]",7.3,8,7.5,6.5,8
98f14352-7100-4afd-b08b-ade6c2641475,iclr-protein,MoDiff: a Protein Diffusion Model for Multi-motif Scaffolding Problem,Reject,4.0,2025,"[5.0, 3.0, 5.0, 3.0]",5.5,7,4,6,7
9e677e0a-5a1d-4864-951d-8088c0234b32,iclr-protein,Large Language and Protein Assistant for Protein-Protein Interactions prediction,Reject,5.5,2025,"[5.0, 6.0, 5.0, 6.0]",5.8,7,5,6,7
a24f6f6a-bb1e-469c-9e78-ada860f33f9e,iclr-protein,Towards Building Reliable Conditional Diffusion Models for Protein Generation,Withdrawn,3.6,2025,"[1.0, 3.0, 5.0, 3.0, 6.0]",4.5,5,4,5,6
a6dde49c-1df3-4363-af5d-20b9792e8469,iclr-protein,ProtMamba: a homology-aware but alignment-free protein state space model,Reject,5.75,2025,"[6.0, 6.0, 5.0, 6.0]",7.2,7,7,7,8
a74e6b3b-1986-4b71-976d-94649aabd856,iclr-protein,Data Distillation for extrapolative protein design through exact preference optimization,Poster,7.0,2025,"[6.0, 8.0, 6.0, 8.0]",6.8,7,6,7,8
a97c7083-7a18-417f-9f86-d33b47a78bf2,iclr-protein,Deep Reinforcement Learning for Modelling Protein Complexes,Poster,6.0,2024,"[6.0, 6.0, 6.0, 6.0]",6.5,7,6,6,7
aff3f1d1-397d-4977-b5d3-6d4bf7198829,iclr-protein,Advancing Drug-Target Interaction Prediction via Graph Transformers and Residual Protein Embeddings,Reject,3.0,2025,"[3.0, 3.0, 3.0, 3.0]",2.5,2,2,2,3
b66246c3-a4e1-4a87-bf48-4dc83ec0a689,iclr-protein,ProtComposer: Compositional Protein Structure Generation with 3D Ellipsoids,Oral,8.0,2025,"[8.0, 8.0, 8.0, 8.0]",7.8,8,7,8,8
bb9af311-f27d-4d86-ae74-e67aa894f4d2,iclr-protein,Dynamics-Informed Protein Design with Structure Conditioning,Poster,5.5,2024,"[6.0, 6.0, 5.0, 5.0]",6.3,7,5.5,7.5,7
bf43e639-beed-4a43-b8f5-2598ac3be42f,iclr-protein,$\texttt{LLaPA}$: Harnessing Language Models for Protein Enzyme Function,Withdrawn,4.75,2025,"[6.0, 5.0, 5.0, 3.0]",5.0,6,4,6,6
cbe39601-6902-48da-9385-a5ce2d886f42,iclr-protein,Phi-Former: A Pairwise Hierarchical Approach for Compound-Protein Interaction Prediction,Withdrawn,3.0,2024,"[3.0, 5.0, 3.0, 1.0]",4.8,6,3,5,5
e4048e43-ae30-463e-8923-27b15d9b4be4,iclr-protein,Exploiting Topology of Protein Language Model Attention Maps for Token Classification,Reject,4.5,2025,"[3.0, 5.0, 6.0, 6.0, 3.0, 3.0, 5.0, 5.0]",6.0,6,5,7,7
e8748dc7-a547-47b9-ab35-2bae80d0e6e2,iclr-protein,Microenvironment Probability Flows as Proficient Protein Engineers,Reject,5.25,2024,"[5.0, 5.0, 5.0, 6.0]",5.2,5,5,5,5
f6c77dd7-13d6-4e09-ad90-1f7798f81628,iclr-protein,ProteinAdapter: Adapting Pre-trained Large Protein Models for Efficient Protein Representation Learning,Withdrawn,4.0,2024,"[5.0, 5.0, 3.0, 3.0]",5.0,6,4,5,5
f6eb5315-937e-439c-af00-f37169214307,iclr-protein,Efficient Protein Optimization via Structure-aware Hamiltonian Dynamics,Withdrawn,4.0,2025,"[3.0, 5.0, 5.0, 3.0]",5.5,6,5,6,7
